{"count": 117, "entries": [{"checksum": "9d7f80fa71ecde48d3d7ee09cab51703", "dataset_access": "open", "filename": "template_Rao.xlsx", "most_recent": true, "zenodo_record_id": 1198565, "publication_date": "2018-03-14 14:58:45", "zenodo_concept_id": 1198564, "dataset_embargo": null, "dataset_title": "Land use effect on earthworms", "filesize": 69677}, {"checksum": "a1c8c0543a88a41dafdf6973b59ecaeb", "dataset_access": "open", "filename": "template_KendallLeeches.xlsx", "most_recent": true, "zenodo_record_id": 1237736, "publication_date": "2018-04-30 12:19:03", "zenodo_concept_id": 1198460, "dataset_embargo": null, "dataset_title": "The Effect of Forest Modification on Ectoparasite Density and Diversity", "filesize": 53332}, {"checksum": "250b9f7aa83c40f994c6172882068e46", "dataset_access": "open", "filename": "Ewers_LeafLitter.xlsx", "most_recent": true, "zenodo_record_id": 1198587, "publication_date": "2018-03-14 15:10:10", "zenodo_concept_id": 1198586, "dataset_embargo": null, "dataset_title": "Leaf litter fall", "filesize": 53285}, {"checksum": "7e6c73676a3946e9ffc6dbdbd1f40182", "dataset_access": "open", "filename": "template_Morris.xlsx", "most_recent": true, "zenodo_record_id": 1237733, "publication_date": "2018-04-30 12:18:48", "zenodo_concept_id": 1198465, "dataset_embargo": null, "dataset_title": "Whitehead's rat morphometrics", "filesize": 158944}, {"checksum": "ed3bf9b3cd82e9325935cd2ec38ece5b", "dataset_access": "open", "filename": "Litter_Collection_Data.xlsx", "most_recent": true, "zenodo_record_id": 3265722, "publication_date": "2019-07-02 07:54:19", "zenodo_concept_id": 3265721, "dataset_embargo": null, "dataset_title": "Fine litter dynamics", "filesize": 74054}, {"checksum": "807ecb76e1ad581738656eaa694fe890", "dataset_access": "open", "filename": "template_Cassell.xlsx", "most_recent": true, "zenodo_record_id": 1198557, "publication_date": "2018-03-14 14:53:16", "zenodo_concept_id": 1198556, "dataset_embargo": null, "dataset_title": "A preliminary study of the allochthonous inputs into tropical streams across a land use gradient in Sabah, Malaysia", "filesize": 20698}, {"checksum": "466a92ea1dc062ddd3835dc727b28ff7", "dataset_access": "open", "filename": "template_Hardwick1stOrder.xlsx", "most_recent": true, "zenodo_record_id": 1228188, "publication_date": "2018-04-24 14:18:56", "zenodo_concept_id": 1228187, "dataset_embargo": null, "dataset_title": "Forest microclimate data from 1st order sites", "filesize": 20864260}, {"checksum": "c41da03e6d4907c1068e095f5ea54595", "dataset_access": "open", "filename": "templateBoyleMSc.xlsx", "most_recent": false, "zenodo_record_id": 1198581, "publication_date": "2018-03-14 15:09:51", "zenodo_concept_id": 1198580, "dataset_embargo": null, "dataset_title": "Quantifying Predation Pressure Along a Gradient of Land Use Intensity", "filesize": 94572}, {"checksum": "a6db420bcddf9633687114711d549290", "dataset_access": "open", "filename": "template_Gutierrez_TerrestrialRodentMovementRiparian.xlsx", "most_recent": false, "zenodo_record_id": 1198597, "publication_date": "2018-03-14 15:18:48", "zenodo_concept_id": 1198596, "dataset_embargo": null, "dataset_title": "Data for the project investigating movement of terrestrial rodents in riparian reserves", "filesize": 514965}, {"checksum": "deb4b5c3018f38df0ee1dfc13d74cecc", "dataset_access": "embargo", "filename": "Belian_data_for_SAFE_upload_LQ_v2.xlsx", "most_recent": false, "zenodo_record_id": 1216040, "publication_date": "2018-04-10 13:55:52", "zenodo_concept_id": 1216039, "dataset_embargo": "2019-01-01", "dataset_title": "Spatial aggregation and seedling survival of the Borneo Ironwood (Eusideroxylon zwageri)", "filesize": 42460}, {"checksum": "415d112236c34f3e41325d8d694b7844", "dataset_access": "open", "filename": "template_VegPlots2010.xlsx", "most_recent": true, "zenodo_record_id": 1237738, "publication_date": "2018-04-30 12:19:32", "zenodo_concept_id": 1198578, "dataset_embargo": null, "dataset_title": "Above ground net primary productivity", "filesize": 937593}, {"checksum": "96b6655e22f508fb33c5cacf9190829c", "dataset_access": "open", "filename": "Psomas_Ant_Pselaphine_SAFE_dataset.xlsx", "most_recent": true, "zenodo_record_id": 1400562, "publication_date": "2018-08-20 13:25:11", "zenodo_concept_id": 1400561, "dataset_embargo": null, "dataset_title": "Myrmecophilous Pselaphine beetles in tropical forests", "filesize": 29534}, {"checksum": "ed4541365a029df0e3d4c694b3cdeb9b", "dataset_access": "open", "filename": "template_Pfeifer_DeadwoodWoodDensity.xlsx", "most_recent": false, "zenodo_record_id": 1198561, "publication_date": "2018-03-14 14:55:17", "zenodo_concept_id": 1198560, "dataset_embargo": null, "dataset_title": "Deadwood carbon stocks under logging and fragmentation impacts", "filesize": 69574}, {"checksum": "532367be130e3a22d97cf05f426b8ed9", "dataset_access": "embargo", "filename": "2_GHG_jdrewer_lab_exp_SAFE_soil.xlsx", "most_recent": true, "zenodo_record_id": 3258082, "publication_date": "2019-06-27 09:39:07", "zenodo_concept_id": 3251901, "dataset_embargo": "2020-06-30", "dataset_title": "Linking potential greenhouse gas and NO fluxes to soil microbial communities in incubation experiments with soil from the SAFE landscape", "filesize": 50265}, {"checksum": "3b422d94688679b300cc8dd91a3afe0c", "dataset_access": "open", "filename": "template_LoveridgeTracking.xlsx", "most_recent": true, "zenodo_record_id": 1219161, "publication_date": "2018-04-16 15:15:18", "zenodo_concept_id": 1219160, "dataset_embargo": null, "dataset_title": "Investigating small mammal microhabitat selection in logged and unlogged tropical forests", "filesize": 178524}, {"checksum": "c0057cffcf4f6f0a794b4539dfa88a80", "dataset_access": "open", "filename": "template_SinghRamesh.xlsx", "most_recent": false, "zenodo_record_id": 1198523, "publication_date": "2018-03-14 14:51:52", "zenodo_concept_id": 1198522, "dataset_embargo": null, "dataset_title": "Seedling-habitat associations of Dipterocarps across elevation gradients", "filesize": 31630}, {"checksum": "3615d6a00ec2c9bc5088c4f601d54d03", "dataset_access": "open", "filename": "templateGleave.xlsx", "most_recent": false, "zenodo_record_id": 1198583, "publication_date": "2018-03-14 15:09:57", "zenodo_concept_id": 1198582, "dataset_embargo": null, "dataset_title": "Partitioning Seed Dispersal Rate Amongst Vertebrates Vs Invertebrates Along a Land-Use Gradient", "filesize": 65861}, {"checksum": "0ccbe0bd4bc4858bc7cf447c79392f98", "dataset_access": "open", "filename": "template_KendallLeeches.xlsx", "most_recent": false, "zenodo_record_id": 1198461, "publication_date": "2018-03-14 14:25:24", "zenodo_concept_id": 1198460, "dataset_embargo": null, "dataset_title": "The Effect of Forest Modification on Ectoparasite Density and Diversity", "filesize": 53136}, {"checksum": "af629fba49c1bc934de7068bce72253b", "dataset_access": "open", "filename": "SAFE_database_dung_beetle_sexual_selection_data_final_uploaded.xlsx", "most_recent": true, "zenodo_record_id": 3342495, "publication_date": "2019-07-19 10:29:54", "zenodo_concept_id": 3342494, "dataset_embargo": null, "dataset_title": "Dung beetle sexual selection morphology data", "filesize": 569409}, {"checksum": "513454de2d58157971fb82d311c9f1ff", "dataset_access": "open", "filename": "Blonder_Mircoclimate.xlsx", "most_recent": true, "zenodo_record_id": 3266822, "publication_date": "2019-07-03 08:31:04", "zenodo_concept_id": 3266821, "dataset_embargo": null, "dataset_title": "Microclimate proxy measurements from a logging gradient in Malaysian Borneo (BALI project)", "filesize": 15494626}, {"checksum": "e2649d99ff1a938c5600d74778578047", "dataset_access": "embargo", "filename": "interaction_network.csv", "most_recent": true, "zenodo_record_id": 3247465, "publication_date": "2019-06-17 11:06:47", "zenodo_concept_id": 3247464, "dataset_embargo": "2021-06-11", "dataset_title": "Impacts of rainforest degradation on the diets of the insectivorous bats of Sabah", "filesize": 50801062}, {"checksum": "eeb61f6d9512bfae5f0a17ce9d9d5d00", "dataset_access": "open", "filename": "Mircoclimate_proxy.zip", "most_recent": true, "zenodo_record_id": 3266822, "publication_date": "2019-07-03 08:31:04", "zenodo_concept_id": 3266821, "dataset_embargo": null, "dataset_title": "Microclimate proxy measurements from a logging gradient in Malaysian Borneo (BALI project)", "filesize": 1160904}, {"checksum": "e127fd2888c62dc9e0640a58bdd5121f", "dataset_access": "embargo", "filename": "sequences_95.fasta", "most_recent": true, "zenodo_record_id": 3247465, "publication_date": "2019-06-17 11:06:47", "zenodo_concept_id": 3247464, "dataset_embargo": "2021-06-11", "dataset_title": "Impacts of rainforest degradation on the diets of the insectivorous bats of Sabah", "filesize": 2489423}, {"checksum": "ccd5178c2c36404107a033658fff1bdd", "dataset_access": "embargo", "filename": "Seedling_data_for_SAFE_upload_2_Aug_2018.xlsx", "most_recent": true, "zenodo_record_id": 1400564, "publication_date": "2018-08-20 13:25:18", "zenodo_concept_id": 1400563, "dataset_embargo": "2019-12-31", "dataset_title": "Impact of El Nino drought on seedling dynamics", "filesize": 621223}, {"checksum": "7bbbb15aa6d5437fb1ca54799ba5b293", "dataset_access": "open", "filename": "templateLaneShaw.xlsx", "most_recent": false, "zenodo_record_id": 1198472, "publication_date": "2018-03-14 14:35:19", "zenodo_concept_id": 1198471, "dataset_embargo": null, "dataset_title": "Microclimate change, forest disturbance and twig-dwelling ants", "filesize": 956962}, {"checksum": "415084ca8089b1fd56c2de9d5b434366", "dataset_access": "open", "filename": "template_ShapiroMosquitoData.xlsx", "most_recent": false, "zenodo_record_id": 1198843, "publication_date": "2018-03-14 20:48:50", "zenodo_concept_id": 1198842, "dataset_embargo": null, "dataset_title": "Investigating Temperature Tolerance in Mosquito Disease Vectors Across a Land-Use Gradient", "filesize": 409514}, {"checksum": "b2e7f9a08fb5232a7c13b80d954f5115", "dataset_access": "open", "filename": "template_Doebert.xlsx", "most_recent": true, "zenodo_record_id": 2536270, "publication_date": "2019-01-09 15:45:33", "zenodo_concept_id": 2024580, "dataset_embargo": null, "dataset_title": "Landuse change and species invasion", "filesize": 1533738}, {"checksum": "6acbf380c3fb0b45555b30e0b1673599", "dataset_access": "embargo", "filename": "Bat_SAFE_data_metadata.xlsx", "most_recent": true, "zenodo_record_id": 3247465, "publication_date": "2019-06-17 11:06:47", "zenodo_concept_id": 3247464, "dataset_embargo": "2021-06-11", "dataset_title": "Impacts of rainforest degradation on the diets of the insectivorous bats of Sabah", "filesize": 405831}, {"checksum": "07df68c42b756330ed584711d74129c0", "dataset_access": "open", "filename": "template_Heon.xlsx", "most_recent": true, "zenodo_record_id": 1304117, "publication_date": "2018-07-03 13:00:35", "zenodo_concept_id": 1198568, "dataset_embargo": null, "dataset_title": "Do logging roads impede small mammal movement in Borneo's tropical rainforests?", "filesize": 364916}, {"checksum": "602fcc837b553d40797ec3d54632dfad", "dataset_access": "open", "filename": "template_JoelWoon_TermiteData.xlsx", "most_recent": true, "zenodo_record_id": 1198695, "publication_date": "2018-03-14 17:09:27", "zenodo_concept_id": 1198694, "dataset_embargo": null, "dataset_title": "Investigating the resilience of termite communities to logging and climate change in Borneo", "filesize": 129435}, {"checksum": "d423a5994b0e0d521d7ffcac2d61a56d", "dataset_access": "open", "filename": "template_PsomosMosquitoes.xlsx", "most_recent": true, "zenodo_record_id": 1303020, "publication_date": "2018-07-02 10:29:56", "zenodo_concept_id": 1303019, "dataset_embargo": null, "dataset_title": "Microclimate and the development rate of mosquito vectors", "filesize": 48305}, {"checksum": "66c6c2c5554e5d75277c3cb67cb5350a", "dataset_access": "embargo", "filename": "CSP_protocol_Chlorophyll_and_Carotenoids.pdf", "most_recent": true, "zenodo_record_id": 3247602, "publication_date": "2019-06-17 13:37:17", "zenodo_concept_id": 3247601, "dataset_embargo": "2020-12-31", "dataset_title": "Community-weighted mean traits in old-growth and selectively logged forest", "filesize": 123150}, {"checksum": "107a400af56c2fc997da6a4093090f27", "dataset_access": "embargo", "filename": "CSP_protocol_Phenols_Tannins_Analysis.pdf", "most_recent": true, "zenodo_record_id": 3247631, "publication_date": "2019-06-17 14:17:40", "zenodo_concept_id": 3247630, "dataset_embargo": "2020-12-31", "dataset_title": "Functional traits of tree species in old-growth and selectively logged forest", "filesize": 131255}, {"checksum": "05a209726c2a727558c71cb1dc1c2908", "dataset_access": "open", "filename": "template_Fayle_BaitCards.xlsx", "most_recent": true, "zenodo_record_id": 1237730, "publication_date": "2018-04-30 12:17:37", "zenodo_concept_id": 1237729, "dataset_embargo": null, "dataset_title": "How does forest conversion and fragmentation affect ant communities and the ecosystem processes that they mediate?", "filesize": 287732}, {"checksum": "986bbfc0c8f23d23ef1df04c04f4d49f", "dataset_access": "open", "filename": "template_Luke_Termites.xlsx", "most_recent": true, "zenodo_record_id": 1198833, "publication_date": "2018-03-14 20:28:37", "zenodo_concept_id": 1198832, "dataset_embargo": null, "dataset_title": "Ant and termite assemblages along a tropical forest disturbance gradient in Sabah, Malaysia: A study of co-variation and trophic interactions", "filesize": 152349}, {"checksum": "f4c450eef01241952c06f3cf62b638cd", "dataset_access": "open", "filename": "SAFE_COUPE.zip", "most_recent": true, "zenodo_record_id": 3266827, "publication_date": "2019-07-03 08:39:42", "zenodo_concept_id": 3266826, "dataset_embargo": null, "dataset_title": "Quantifying the spatial heterogeneity of forest conversion costs and how it relates to biodiversity, conservation and land use history", "filesize": 63757}, {"checksum": "d42024f8b47d6e6848906afd2fef1455", "dataset_access": "open", "filename": "templateGleave.xlsx", "most_recent": true, "zenodo_record_id": 1237725, "publication_date": "2018-04-30 12:17:11", "zenodo_concept_id": 1198582, "dataset_embargo": null, "dataset_title": "Partitioning Seed Dispersal Rate Amongst Vertebrates Vs Invertebrates Along a Land-Use Gradient", "filesize": 65953}, {"checksum": "9784deb46253fae888696bdd03997d9d", "dataset_access": "open", "filename": "GrayAntCompetition.xlsx", "most_recent": true, "zenodo_record_id": 1198302, "publication_date": "2018-03-14 13:50:53", "zenodo_concept_id": 1198301, "dataset_embargo": null, "dataset_title": "The role of competition in structuring ant community composition across a tropical forest disturbance gradient", "filesize": 190121}, {"checksum": "4c2641ca6c840b3180026628f577383c", "dataset_access": "open", "filename": "template_MosquitoDataBrant77.xlsx", "most_recent": true, "zenodo_record_id": 1198846, "publication_date": "2018-03-14 21:03:29", "zenodo_concept_id": 1198696, "dataset_embargo": null, "dataset_title": "Mosquito data at SAFE 2012-2014", "filesize": 155384}, {"checksum": "68eb8728cd2a9781828246453b13c422", "dataset_access": "embargo", "filename": "Ant_Bait_Removal_SAFE_database.xlsx", "most_recent": true, "zenodo_record_id": 3247485, "publication_date": "2019-06-17 11:39:56", "zenodo_concept_id": 3247484, "dataset_embargo": "2020-03-06", "dataset_title": "How does forest conversion and fragmentation affect ant communities and the ecosystem processes that they mediate?", "filesize": 1515484}, {"checksum": "27238f06cf5bcc9b54fa02979b8736d6", "dataset_access": "open", "filename": "Both_litter_decomposition_experiment.xlsx", "most_recent": true, "zenodo_record_id": 3247455, "publication_date": "2019-06-17 10:46:15", "zenodo_concept_id": 3247454, "dataset_embargo": null, "dataset_title": "Leaf litter decomposition in old-growth and selectively logged forest", "filesize": 44939}, {"checksum": "5ddb54cecad2d265d8fa09445635ab30", "dataset_access": "embargo", "filename": "Belian_data_for_SAFE_upload_LQ_10Jan_2019.xlsx", "most_recent": true, "zenodo_record_id": 2537074, "publication_date": "2019-01-10 15:55:17", "zenodo_concept_id": 1216039, "dataset_embargo": "2019-01-01", "dataset_title": "Spatial aggregation and seedling survival of the Borneo Ironwood (Eusideroxylon zwageri)", "filesize": 42857}, {"checksum": "66db91fef81b284dd76bd36ec46fa348", "dataset_access": "open", "filename": "template_Deadwood2011.xlsx", "most_recent": true, "zenodo_record_id": 1237737, "publication_date": "2018-04-30 12:19:16", "zenodo_concept_id": 1198576, "dataset_embargo": null, "dataset_title": "Deadwood stocks and dynamics", "filesize": 437435}, {"checksum": "543dd28b8d74d727c4107499d3dca0d3", "dataset_access": "embargo", "filename": "1_HJ_river_water_riparian.xlsx", "most_recent": true, "zenodo_record_id": 3258079, "publication_date": "2019-06-27 09:38:52", "zenodo_concept_id": 3251886, "dataset_embargo": "2020-06-30", "dataset_title": "Soil greenhouse gas fluxes along transects from oil palm to riparian forests in the SAFE landscape", "filesize": 91863}, {"checksum": "ac18a3a3e75f494046f7f33751f6673e", "dataset_access": "embargo", "filename": "2_GHG_jdrewer_lab_exp_SAFE_soil.xlsx", "most_recent": false, "zenodo_record_id": 3251902, "publication_date": "2019-06-21 13:46:08", "zenodo_concept_id": 3251901, "dataset_embargo": "2020-06-30", "dataset_title": "Linking potential greenhouse gas and NO fluxes to soil microbial communities in incubation experiments with soil from the SAFE landscape", "filesize": 50199}, {"checksum": "f54eb7ec445353875b0ee4bf5a8fc58d", "dataset_access": "embargo", "filename": "3_GHG_jdrewer.xlsx", "most_recent": false, "zenodo_record_id": 3251900, "publication_date": "2019-06-21 13:45:59", "zenodo_concept_id": 3251899, "dataset_embargo": "2020-06-30", "dataset_title": "Soil greenhouse gas fluxes and associated parameters from forest and oil palm in the SAFE landscape", "filesize": 91533}, {"checksum": "e6e5fdaa84517f5325a825fe32216c80", "dataset_access": "open", "filename": "template_Konopik.xlsx", "most_recent": true, "zenodo_record_id": 1995439, "publication_date": "2018-12-06 10:32:54", "zenodo_concept_id": 1995247, "dataset_embargo": null, "dataset_title": "Functional diversity of amphibian assemblages along a disturbance gradient", "filesize": 1602149}, {"checksum": "d1ec4154af38431be70571965756e6f2", "dataset_access": "embargo", "filename": "SAFE_Core_Small_Mammal_Data_V2.xlsx", "most_recent": true, "zenodo_record_id": 1478524, "publication_date": "2018-11-06 10:20:04", "zenodo_concept_id": 1478523, "dataset_embargo": "2020-10-05", "dataset_title": "Core SAFE project small mammal trapping data", "filesize": 7104673}, {"checksum": "d0323dbeb8008282d79806cf56f046fc", "dataset_access": "embargo", "filename": "template_ClareWfunctiondata.xlsx", "most_recent": false, "zenodo_record_id": 1198841, "publication_date": "2018-03-14 20:43:11", "zenodo_concept_id": 1198840, "dataset_embargo": "2018-04-01", "dataset_title": "Fish functional diversity traits ", "filesize": 18690}, {"checksum": "ebefb8006facf43223d2bff6ddeab95c", "dataset_access": "embargo", "filename": "DavisonBeardedPigs.xlsx", "most_recent": true, "zenodo_record_id": 2599732, "publication_date": "2019-03-20 10:45:07", "zenodo_concept_id": 1198692, "dataset_embargo": "2019-09-22", "dataset_title": "Long term bearded pig camera trap data across the SAFE landscape.  NB: These data are a subset of the full SAFE Project core mammal trapping data, but include additional details about bearded pig social structure and abundances", "filesize": 363098}, {"checksum": "27238f06cf5bcc9b54fa02979b8736d6", "dataset_access": "open", "filename": "Both_litter_decomposition_experiment.xlsx", "most_recent": true, "zenodo_record_id": 3247639, "publication_date": "2019-06-17 14:19:19", "zenodo_concept_id": 3247638, "dataset_embargo": null, "dataset_title": "Leaf litter decomposition in old-growth and selectively logged forest", "filesize": 44939}, {"checksum": "12ae811388f6fe36f43b2421d49e3061", "dataset_access": "open", "filename": "template_Konopik.xlsx", "most_recent": false, "zenodo_record_id": 1995248, "publication_date": "2018-12-06 10:22:43", "zenodo_concept_id": 1995247, "dataset_embargo": null, "dataset_title": "Functional diversity of amphibian assemblages along a disturbance gradient", "filesize": 1602193}, {"checksum": "58430fa2c4d9806c76b53498852b2b0d", "dataset_access": "embargo", "filename": "template_LayfieldOtters.xlsx", "most_recent": true, "zenodo_record_id": 1198475, "publication_date": "2018-03-14 14:36:40", "zenodo_concept_id": 1198474, "dataset_embargo": "2019-02-28", "dataset_title": "Otter qPCR Data at SAFE", "filesize": 35275}, {"checksum": "c899a9b393a8a8768fb356506cebf5f0", "dataset_access": "open", "filename": "template_HardwickVerticalStratification.xlsx", "most_recent": true, "zenodo_record_id": 1303012, "publication_date": "2018-07-02 10:29:10", "zenodo_concept_id": 1303011, "dataset_embargo": null, "dataset_title": "Microclimate stratification in modified forests", "filesize": 14535974}, {"checksum": "20c9a2ebbff5f449fbca8e50b56243fb", "dataset_access": "open", "filename": "template_VegPlots2010.xlsx", "most_recent": false, "zenodo_record_id": 1198579, "publication_date": "2018-03-14 15:09:45", "zenodo_concept_id": 1198578, "dataset_embargo": null, "dataset_title": "Above ground net primary productivity", "filesize": 937811}, {"checksum": "c22bef780667d04b910ba1f2c3051a04", "dataset_access": "open", "filename": "Core_insect_2011_2012_2017.xlsx", "most_recent": true, "zenodo_record_id": 3354068, "publication_date": "2019-07-29 08:57:03", "zenodo_concept_id": 3354067, "dataset_embargo": null, "dataset_title": "Core - invert biomass + ordinal sort", "filesize": 587377}, {"checksum": "4f5b6f4c58b43f488f43aab675562d9c", "dataset_access": "open", "filename": "Pillay_R_et_al_Dryobalanops_lanceolata_AllData.xlsx", "most_recent": true, "zenodo_record_id": 2020340, "publication_date": "2018-12-07 10:04:14", "zenodo_concept_id": 2020339, "dataset_embargo": null, "dataset_title": "Multiple stages of tree seedling recruitment are altered in tropical forests degraded by selective logging", "filesize": 401998}, {"checksum": "655146a12f0f13eadda541308e93c224", "dataset_access": "open", "filename": "template_ClareWfunctiondata.xlsx", "most_recent": true, "zenodo_record_id": 1237719, "publication_date": "2018-04-30 12:16:07", "zenodo_concept_id": 1198840, "dataset_embargo": null, "dataset_title": "Fish functional diversity traits ", "filesize": 18194}, {"checksum": "f45db0a9332dbd69e8014c8d0ca75583", "dataset_access": "open", "filename": "template-AltitudinalMicroclimate.xlsx", "most_recent": false, "zenodo_record_id": 1216003, "publication_date": "2018-04-10 12:46:01", "zenodo_concept_id": 1216002, "dataset_embargo": null, "dataset_title": "Altitudinal gradient of microclimate", "filesize": 5112655}, {"checksum": "9a7d068e7d9cc0fd7656067972847307", "dataset_access": "embargo", "filename": "Sarab_point_count_data.xlsx", "most_recent": true, "zenodo_record_id": 3265712, "publication_date": "2019-07-02 07:50:08", "zenodo_concept_id": 3265711, "dataset_embargo": "2021-06-01", "dataset_title": "Avifaunal and Herpetofaunal point counts with recorded acoustic data", "filesize": 1493446}, {"checksum": "69e085f6a0b113a19d2fa24efcf1b93f", "dataset_access": "open", "filename": "LiDAR_Aboveground_Carbon.xlsx", "most_recent": true, "zenodo_record_id": 3247699, "publication_date": "2019-06-17 15:41:52", "zenodo_concept_id": 3081058, "dataset_embargo": null, "dataset_title": "Above-ground carbon density derived from LiDAR data over oil palm plantations in Malaysian Borneo, 2014", "filesize": 24830}, {"checksum": "ce411b1e5350a74b8876569cbd472630", "dataset_access": "embargo", "filename": "Orangutan_Transect_Data.xlsx", "most_recent": true, "zenodo_record_id": 3237507, "publication_date": "2019-06-03 11:20:22", "zenodo_concept_id": 3237506, "dataset_embargo": "2021-03-18", "dataset_title": "The effect of tropical forest modification on primate population density and diversity", "filesize": 78349}, {"checksum": "66c6c2c5554e5d75277c3cb67cb5350a", "dataset_access": "embargo", "filename": "CSP_protocol_Chlorophyll_and_Carotenoids.pdf", "most_recent": true, "zenodo_record_id": 3247631, "publication_date": "2019-06-17 14:17:40", "zenodo_concept_id": 3247630, "dataset_embargo": "2020-12-31", "dataset_title": "Functional traits of tree species in old-growth and selectively logged forest", "filesize": 123150}, {"checksum": "d7a283b6a635a1413964e398ad1887f2", "dataset_access": "open", "filename": "template_MosquitoDataBrant77.xlsx", "most_recent": false, "zenodo_record_id": 1198697, "publication_date": "2018-03-14 17:09:37", "zenodo_concept_id": 1198696, "dataset_embargo": null, "dataset_title": "Mosquito data at SAFE 2012-2014", "filesize": 154420}, {"checksum": "f2abfe015387ed3861d147995c4d66b3", "dataset_access": "embargo", "filename": "Adam_Sharp_data.xlsx", "most_recent": true, "zenodo_record_id": 1323504, "publication_date": "2018-07-30 09:40:54", "zenodo_concept_id": 1323503, "dataset_embargo": "2019-01-01", "dataset_title": "Beetle Diversity", "filesize": 2171525}, {"checksum": "6c7e916cf30b7479151bb55e7051799b", "dataset_access": "open", "filename": "template_Twining.xlsx", "most_recent": true, "zenodo_record_id": 1237731, "publication_date": "2018-04-30 12:17:51", "zenodo_concept_id": 1198468, "dataset_embargo": null, "dataset_title": "Terrestrial scavenger trapping data", "filesize": 127182}, {"checksum": "49f6f11f41fe314b48907c77fe00716a", "dataset_access": "open", "filename": "template_Pfeifer.xlsx", "most_recent": true, "zenodo_record_id": 1198585, "publication_date": "2018-03-14 15:10:04", "zenodo_concept_id": 1198584, "dataset_embargo": null, "dataset_title": "Forest quality and land use intensity indicators", "filesize": 102244}, {"checksum": "20e4ec1956974b385fe2cbbae2bcfd43", "dataset_access": "open", "filename": "template_Twining.xlsx", "most_recent": false, "zenodo_record_id": 1198469, "publication_date": "2018-03-14 14:33:28", "zenodo_concept_id": 1198468, "dataset_embargo": null, "dataset_title": "Terrestrial scavenger trapping data", "filesize": 127105}, {"checksum": "99ce9782662c1b1d766bbc10c3dccf65", "dataset_access": "open", "filename": "template_SinghRamesh.xlsx", "most_recent": true, "zenodo_record_id": 1237724, "publication_date": "2018-04-30 12:16:59", "zenodo_concept_id": 1198522, "dataset_embargo": null, "dataset_title": "Seedling-habitat associations of Dipterocarps across elevation gradients", "filesize": 31697}, {"checksum": "f9b77207a2f07f0b44d7cf92df811cc8", "dataset_access": "embargo", "filename": "template_Bishop.xlsx", "most_recent": true, "zenodo_record_id": 1198839, "publication_date": "2018-03-14 20:38:11", "zenodo_concept_id": 1198838, "dataset_embargo": "2018-08-14", "dataset_title": "Abundance and morphometrics of ant genera", "filesize": 1190765}, {"checksum": "af621f30e0be77b7a643147b2568d8c7", "dataset_access": "open", "filename": "Carbon_corrected_slopes.xlsx", "most_recent": true, "zenodo_record_id": 3247592, "publication_date": "2019-06-17 13:30:44", "zenodo_concept_id": 3247591, "dataset_embargo": null, "dataset_title": "Daily cycles in soil carbon flux", "filesize": 358967}, {"checksum": "17a1675442eb10ebc27cae245dc47af7", "dataset_access": "embargo", "filename": "Drinkwater2019_leech_occurrence.xlsx", "most_recent": true, "zenodo_record_id": 2536269, "publication_date": "2019-01-09 14:50:20", "zenodo_concept_id": 2536268, "dataset_embargo": "2019-12-31", "dataset_title": "Occurrence of blood feeding terrestrial leeches in a degraded forest ecosystem", "filesize": 71628}, {"checksum": "750a8d6b659ac45842bc00efcce30525", "dataset_access": "open", "filename": "Veg_Volent_mammals.xlsx", "most_recent": true, "zenodo_record_id": 3265704, "publication_date": "2019-07-02 07:44:17", "zenodo_concept_id": 3265703, "dataset_embargo": null, "dataset_title": "Species richness, composition and microhabitat characteristics of non-volant terrestrial mammals in disturbed habitats", "filesize": 72228}, {"checksum": "33a31a9d217aa23827bf66fe74523da7", "dataset_access": "open", "filename": "template_Metcalfe.xlsx", "most_recent": true, "zenodo_record_id": 1303018, "publication_date": "2018-07-02 10:29:49", "zenodo_concept_id": 1303017, "dataset_embargo": null, "dataset_title": "Evaluating changing patterns of herbivory as a result of habitat change", "filesize": 420421}, {"checksum": "107a400af56c2fc997da6a4093090f27", "dataset_access": "embargo", "filename": "CSP_protocol_Phenols_Tannins_Analysis.pdf", "most_recent": true, "zenodo_record_id": 3247602, "publication_date": "2019-06-17 13:37:17", "zenodo_concept_id": 3247601, "dataset_embargo": "2020-12-31", "dataset_title": "Community-weighted mean traits in old-growth and selectively logged forest", "filesize": 131255}, {"checksum": "92b00514de6f37d83c04ea9232e40c62", "dataset_access": "embargo", "filename": "SAFE_database_dung_beetle_2015_data_final_uploaded_copy.xlsx", "most_recent": true, "zenodo_record_id": 3247494, "publication_date": "2019-06-17 11:48:52", "zenodo_concept_id": 3247493, "dataset_embargo": "2021-03-01", "dataset_title": "Dung beetle community and dung removal data 2015", "filesize": 85644}, {"checksum": "5095c2700300e03b09201519a95e4664", "dataset_access": "open", "filename": "Nested_fractal_table_maker.R", "most_recent": true, "zenodo_record_id": 1344569, "publication_date": "2018-08-13 15:24:47", "zenodo_concept_id": 1344568, "dataset_embargo": null, "dataset_title": "Fractal sampling point nesting", "filesize": 6922}, {"checksum": "62a6fc7c24b0219ea50f2f8c0f08a988", "dataset_access": "open", "filename": "LiDAR_Aboveground_Carbon.xlsx", "most_recent": false, "zenodo_record_id": 3081059, "publication_date": "2019-05-21 13:20:53", "zenodo_concept_id": 3081058, "dataset_embargo": null, "dataset_title": "Above-ground carbon density derived from LiDAR data over oil palm plantations in Malaysian Borneo, 2014", "filesize": 24359}, {"checksum": "0011f76ea637bb6e7b6b90e15e983ed8", "dataset_access": "open", "filename": "template_Doebert.xlsx", "most_recent": false, "zenodo_record_id": 2024581, "publication_date": "2018-12-07 12:02:26", "zenodo_concept_id": 2024580, "dataset_embargo": null, "dataset_title": "Landuse change and species invasion", "filesize": 1532144}, {"checksum": "47224d253b42788d6b12cc34b77a08eb", "dataset_access": "embargo", "filename": "template_Heon.xlsx", "most_recent": false, "zenodo_record_id": 1198569, "publication_date": "2018-03-14 15:02:25", "zenodo_concept_id": 1198568, "dataset_embargo": "2018-12-01", "dataset_title": "Do logging roads impede small mammal movement in Borneo's tropical rainforests?", "filesize": 366228}, {"checksum": "2a482ae23539c47cbff6091b189ded9e", "dataset_access": "open", "filename": "Fractal_point_nesting.xlsx", "most_recent": true, "zenodo_record_id": 1344569, "publication_date": "2018-08-13 15:24:47", "zenodo_concept_id": 1344568, "dataset_embargo": null, "dataset_title": "Fractal sampling point nesting", "filesize": 54272}, {"checksum": "95596dc7a0c6cd1fa74be8f61e9b7251", "dataset_access": "open", "filename": "template_Haughan.xlsx", "most_recent": true, "zenodo_record_id": 1198477, "publication_date": "2018-03-14 14:38:51", "zenodo_concept_id": 1198476, "dataset_embargo": null, "dataset_title": "The effect of land-use modification in Sabah, Malaysia on the morphology of two beetle families: Carabidae and Chyrsomelidae", "filesize": 104382}, {"checksum": "7789eeac6e0fc36ff589fcebe5e1c21d", "dataset_access": "embargo", "filename": "Both_tree_functional_traits.xlsx", "most_recent": true, "zenodo_record_id": 3247631, "publication_date": "2019-06-17 14:17:40", "zenodo_concept_id": 3247630, "dataset_embargo": "2020-12-31", "dataset_title": "Functional traits of tree species in old-growth and selectively logged forest", "filesize": 662602}, {"checksum": "c29bed20ff6ae260044fef8ca9775392", "dataset_access": "open", "filename": "template_ShapiroMosquitoData.xlsx", "most_recent": true, "zenodo_record_id": 1237720, "publication_date": "2018-04-30 12:16:22", "zenodo_concept_id": 1198842, "dataset_embargo": null, "dataset_title": "Investigating Temperature Tolerance in Mosquito Disease Vectors Across a Land-Use Gradient", "filesize": 409777}, {"checksum": "44fbe8eed0bc081b7c60a9f4b2f14acd", "dataset_access": "open", "filename": "template_Heon.xlsx", "most_recent": false, "zenodo_record_id": 1237721, "publication_date": "2018-04-30 12:16:35", "zenodo_concept_id": 1198568, "dataset_embargo": null, "dataset_title": "Do logging roads impede small mammal movement in Borneo's tropical rainforests?", "filesize": 364757}, {"checksum": "9dfc84959d471000d1883f088e2e4522", "dataset_access": "open", "filename": "microclim-2nd.RData", "most_recent": true, "zenodo_record_id": 1441585, "publication_date": "2018-10-01 14:23:06", "zenodo_concept_id": 1441584, "dataset_embargo": null, "dataset_title": "Forest microclimate data from 2nd order sites", "filesize": 14327930}, {"checksum": "bf3175e5ee2179a46b291fca259e0b05", "dataset_access": "open", "filename": "template_HardwickTranspiration.xlsx", "most_recent": true, "zenodo_record_id": 1303014, "publication_date": "2018-07-02 10:29:38", "zenodo_concept_id": 1303013, "dataset_embargo": null, "dataset_title": "Tree transpiration rates near forest edges", "filesize": 6092135}, {"checksum": "4f7efcca74235d5908b5ee2b43ae2eda", "dataset_access": "open", "filename": "raw_egm.zip", "most_recent": true, "zenodo_record_id": 3247592, "publication_date": "2019-06-17 13:30:44", "zenodo_concept_id": 3247591, "dataset_embargo": null, "dataset_title": "Daily cycles in soil carbon flux", "filesize": 84372}, {"checksum": "0c5fda7d728ad8b8da008538f7214948", "dataset_access": "embargo", "filename": "ClareW_RawDataFish.xlsx", "most_recent": true, "zenodo_record_id": 1478526, "publication_date": "2018-11-06 10:20:13", "zenodo_concept_id": 1478525, "dataset_embargo": "2019-01-01", "dataset_title": "All Fish catch data at the SAFE project 2011-2017.", "filesize": 1417628}, {"checksum": "843eedddfe8c52932b92d42b370ca41e", "dataset_access": "open", "filename": "template_Hardwick2ndOrder.xlsx", "most_recent": true, "zenodo_record_id": 1441585, "publication_date": "2018-10-01 14:23:06", "zenodo_concept_id": 1441584, "dataset_embargo": null, "dataset_title": "Forest microclimate data from 2nd order sites", "filesize": 15048}, {"checksum": "59d3da83b20d01aa24e123ad9b9c4b6c", "dataset_access": "open", "filename": "template_Soiltemp.xlsx", "most_recent": true, "zenodo_record_id": 1228190, "publication_date": "2018-04-24 14:19:36", "zenodo_concept_id": 1228189, "dataset_embargo": null, "dataset_title": "Forest soil temperature data", "filesize": 14944108}, {"checksum": "2a5410fb64494d18198ca941185a6393", "dataset_access": "closed", "filename": "SAFE_SoilRespiration_Data_SAFEdatabase.xlsx", "most_recent": true, "zenodo_record_id": 3266771, "publication_date": "2019-07-03 07:55:34", "zenodo_concept_id": 3266770, "dataset_embargo": null, "dataset_title": "Changing carbon dioxide and water budgets from deforestation and habitat modification", "filesize": 3103504}, {"checksum": "772e2fa86e1d6845bdf57f9dea4e2aec", "dataset_access": "open", "filename": "template_Morris.xlsx", "most_recent": false, "zenodo_record_id": 1198466, "publication_date": "2018-03-14 14:33:11", "zenodo_concept_id": 1198465, "dataset_embargo": null, "dataset_title": "Whitehead's rat morphometrics", "filesize": 158883}, {"checksum": "54cbe116d175662670accd8e07e75793", "dataset_access": "embargo", "filename": "1_HJ_river_water_riparian.xlsx", "most_recent": false, "zenodo_record_id": 3251887, "publication_date": "2019-06-21 13:33:10", "zenodo_concept_id": 3251886, "dataset_embargo": "2020-06-30", "dataset_title": "Soil greenhouse gas fluxes along transects from oil palm to riparian forests in the SAFE lanscape", "filesize": 33912}, {"checksum": "0f2e286a836cde82d34aaed0719fea1a", "dataset_access": "open", "filename": "template_Faruk.xlsx", "most_recent": true, "zenodo_record_id": 1303010, "publication_date": "2018-07-02 10:28:56", "zenodo_concept_id": 1303009, "dataset_embargo": null, "dataset_title": "Leaf litter amphibian communities", "filesize": 27754}, {"checksum": "aa42d4b333616d1e206b9c85dc209b57", "dataset_access": "open", "filename": "template_Gutierrez_TerrestrialRodentMovementRiparian.xlsx", "most_recent": true, "zenodo_record_id": 1237739, "publication_date": "2018-04-30 12:19:47", "zenodo_concept_id": 1198596, "dataset_embargo": null, "dataset_title": "Data for the project investigating movement of terrestrial rodents in riparian reserves", "filesize": 515072}, {"checksum": "8956b2deccae439be1e0b4f9ac4e1e75", "dataset_access": "embargo", "filename": "Belian_data_for_SAFE_upload_LQ_01_Aug_2018.xlsx", "most_recent": false, "zenodo_record_id": 1400565, "publication_date": "2018-08-20 13:25:28", "zenodo_concept_id": 1216039, "dataset_embargo": "2019-01-01", "dataset_title": "Spatial aggregation and seedling survival of the Borneo Ironwood (Eusideroxylon zwageri)", "filesize": 42683}, {"checksum": "39a7a2d7aa3b2f0334f7a63f317f4cbd", "dataset_access": "open", "filename": "SAFE_database_dung_beetle_2011_data_final_uploaded_copy.xlsx", "most_recent": true, "zenodo_record_id": 3247492, "publication_date": "2019-06-17 11:47:27", "zenodo_concept_id": 3247491, "dataset_embargo": null, "dataset_title": "Dung beetle community and dung removal data 2011", "filesize": 76734}, {"checksum": "08011d859df4f4ab6b4de3766062c809", "dataset_access": "open", "filename": "template_Symes.xlsx", "most_recent": true, "zenodo_record_id": 3266827, "publication_date": "2019-07-03 08:39:42", "zenodo_concept_id": 3266826, "dataset_embargo": null, "dataset_title": "Quantifying the spatial heterogeneity of forest conversion costs and how it relates to biodiversity, conservation and land use history", "filesize": 28601}, {"checksum": "3ab76f0f28aa411bdcbcfac47d4920eb", "dataset_access": "embargo", "filename": "3_GHG_jdrewer.xlsx", "most_recent": true, "zenodo_record_id": 3258117, "publication_date": "2019-06-27 10:05:00", "zenodo_concept_id": 3251899, "dataset_embargo": "2020-06-30", "dataset_title": "Soil greenhouse gas fluxes and associated parameters from forest and oil palm in the SAFE landscape", "filesize": 92821}, {"checksum": "b32da345d3e67e35cc86392ba7506936", "dataset_access": "open", "filename": "Small_Mammal_Edge_data.xlsx", "most_recent": true, "zenodo_record_id": 2579792, "publication_date": "2019-02-28 10:57:25", "zenodo_concept_id": 2579791, "dataset_embargo": null, "dataset_title": "Small mammals at forest-oil palm edges raw datasets", "filesize": 62459}, {"checksum": "698437b87c6b8578f94d80a50d991d41", "dataset_access": "open", "filename": "template_Plowman.xlsx", "most_recent": true, "zenodo_record_id": 1220270, "publication_date": "2018-04-18 14:24:13", "zenodo_concept_id": 1220269, "dataset_embargo": null, "dataset_title": "The impact of invertebrates and fungi on litter decomposition rate in modified forests", "filesize": 42257}, {"checksum": "5f40715a76df327eadc9a43b565bab83", "dataset_access": "open", "filename": "Termite_monitoring_maliau.xlsx", "most_recent": true, "zenodo_record_id": 3265746, "publication_date": "2019-07-02 08:24:14", "zenodo_concept_id": 3265745, "dataset_embargo": null, "dataset_title": "Termite abundance and ecosystem processes in Maliau Basin, 2015-2016", "filesize": 284225}, {"checksum": "c853b814f7435eb91ff87cefd39bf4ee", "dataset_access": "open", "filename": "template_Deadwood2011.xlsx", "most_recent": false, "zenodo_record_id": 1198577, "publication_date": "2018-03-14 15:09:38", "zenodo_concept_id": 1198576, "dataset_embargo": null, "dataset_title": "Deadwood stocks and dynamics", "filesize": 437335}, {"checksum": "6b829fab3850a7725a30dd0a288acf33", "dataset_access": "open", "filename": "templateBoyleMSc.xlsx", "most_recent": true, "zenodo_record_id": 1237726, "publication_date": "2018-04-30 12:17:24", "zenodo_concept_id": 1198580, "dataset_embargo": null, "dataset_title": "Quantifying Predation Pressure Along a Gradient of Land Use Intensity", "filesize": 94651}, {"checksum": "c2232cdb19a77d46c535c96821623992", "dataset_access": "embargo", "filename": "Peel_data_2018.xlsx", "most_recent": true, "zenodo_record_id": 1327557, "publication_date": "2018-08-03 14:26:58", "zenodo_concept_id": 1327556, "dataset_embargo": "2019-02-28", "dataset_title": "Interspecific alterations in avian physiology across a gradient of fragmentation", "filesize": 316841}, {"checksum": "02d6917ab26576ac16fe794d1eecfa00", "dataset_access": "closed", "filename": "SAFE_soil_DATA.zip", "most_recent": true, "zenodo_record_id": 3266771, "publication_date": "2019-07-03 07:55:34", "zenodo_concept_id": 3266770, "dataset_embargo": null, "dataset_title": "Changing carbon dioxide and water budgets from deforestation and habitat modification", "filesize": 3815374}, {"checksum": "40691fe3150e29c09e38d4993f93440d", "dataset_access": "embargo", "filename": "template_seed_experiment_LanQieJan9.xlsx", "most_recent": true, "zenodo_record_id": 2537073, "publication_date": "2019-01-10 15:54:41", "zenodo_concept_id": 2537072, "dataset_embargo": "2020-12-31", "dataset_title": "Increased importance of terrestrial vertebrate seed dispersal in tropical logged forests", "filesize": 951313}, {"checksum": "0098e6a63e3e82d2743e412bb8ac77c4", "dataset_access": "open", "filename": "template_Pfeifer_DeadwoodWoodDensity.xlsx", "most_recent": true, "zenodo_record_id": 1237722, "publication_date": "2018-04-30 12:16:48", "zenodo_concept_id": 1198560, "dataset_embargo": null, "dataset_title": "Deadwood carbon stocks under logging and fragmentation impacts", "filesize": 69685}, {"checksum": "587c6b4f7d20b6a6969b21dc5f807319", "dataset_access": "open", "filename": "Invert_Movement_Dataset_JW.xlsx", "most_recent": true, "zenodo_record_id": 1487595, "publication_date": "2018-11-14 11:58:06", "zenodo_concept_id": 1487594, "dataset_embargo": null, "dataset_title": "Movement patterns of invertebrates in tropical rainforest", "filesize": 42930}, {"checksum": "9414a62672944d907d216d764f5268fc", "dataset_access": "open", "filename": "template-AltitudinalMicroclimate.xlsx", "most_recent": false, "zenodo_record_id": 1237657, "publication_date": "2018-04-30 10:33:25", "zenodo_concept_id": 1216002, "dataset_embargo": null, "dataset_title": "Altitudinal gradient of microclimate", "filesize": 5114358}, {"checksum": "16cf7a941f2e18fd52ac65d642c2ba09", "dataset_access": "open", "filename": "template-Microclimate10sec.xlsx", "most_recent": true, "zenodo_record_id": 1216044, "publication_date": "2018-04-10 13:59:41", "zenodo_concept_id": 1216043, "dataset_embargo": null, "dataset_title": "High temporal resolution microclimate records", "filesize": 9839779}, {"checksum": "105bde68824202e422a16f645e275adb", "dataset_access": "open", "filename": "Ant_Monitoring.xlsx", "most_recent": true, "zenodo_record_id": 3265748, "publication_date": "2019-07-02 08:24:25", "zenodo_concept_id": 3265747, "dataset_embargo": null, "dataset_title": "Invertebrate activity data from an experiment in Malaysian Borneo, 2014-16 [HMTF]", "filesize": 519202}, {"checksum": "81934d0bd9e3704aa03aa26001205458", "dataset_access": "embargo", "filename": "Both_CWM_traits.xlsx", "most_recent": true, "zenodo_record_id": 3247602, "publication_date": "2019-06-17 13:37:17", "zenodo_concept_id": 3247601, "dataset_embargo": "2020-12-31", "dataset_title": "Community-weighted mean traits in old-growth and selectively logged forest", "filesize": 21313}, {"checksum": "df873ec072b69a0d709610746223d213", "dataset_access": "open", "filename": "template-AltitudinalMicroclimate.xlsx", "most_recent": true, "zenodo_record_id": 1304118, "publication_date": "2018-07-03 13:00:48", "zenodo_concept_id": 1216002, "dataset_embargo": null, "dataset_title": "Altitudinal gradient of microclimate", "filesize": 5126835}, {"checksum": "45758414960d74f09bc4f03fa82f08a6", "dataset_access": "embargo", "filename": "template_DavisonBeardedPigs.xlsx", "most_recent": false, "zenodo_record_id": 1198693, "publication_date": "2018-03-14 17:09:16", "zenodo_concept_id": 1198692, "dataset_embargo": "2019-09-22", "dataset_title": "Long term bearded pig camera trap data across the SAFE landscape.  NB: These data are a subset of the full SAFE Project core mammal trapping data, but include additional details about bearded pig social structure and abundances", "filesize": 280099}, {"checksum": "be0fcfd61de70ba74e4effbb508da5b2", "dataset_access": "open", "filename": "templateLaneShaw.xlsx", "most_recent": true, "zenodo_record_id": 1237732, "publication_date": "2018-04-30 12:18:04", "zenodo_concept_id": 1198471, "dataset_embargo": null, "dataset_title": "Microclimate change, forest disturbance and twig-dwelling ants", "filesize": 957021}]}