{"count": 222, "entries": [{"checksum": "ea7633c7bc89a498b5675e0ac9e37471", "dataset_access": "open", "filename": "SAFE_Dataset.xlsx", "most_recent": true, "zenodo_record_id": 3929632, "publication_date": "2020-07-03 15:26:58", "zenodo_concept_id": 3929631, "dataset_embargo": null, "dataset_title": "Soil and litter chemistry, soil microbial communities and litter decomposition from tropical forest and oil palm", "filesize": 60629}, {"checksum": "8a2374fcfbd048c69369a02c3546da9a", "dataset_access": "open", "filename": "Electrofishing_discharge.csv", "most_recent": true, "zenodo_record_id": 3926374, "publication_date": "2020-07-01 17:33:01", "zenodo_concept_id": 3926373, "dataset_embargo": null, "dataset_title": "Fish diversity and discharge rates in Bornean rainforest streams", "filesize": 293}, {"checksum": "88c8c34613ece268d17ec852b55bc9d4", "dataset_access": "open", "filename": "SRTM_UTM50N_slope.tif", "most_recent": true, "zenodo_record_id": 3490488, "publication_date": "2019-10-15 11:06:58", "zenodo_concept_id": 630004, "dataset_embargo": null, "dataset_title": "SRTM elevation data for the SAFE Project", "filesize": 207475930}, {"checksum": "40691fe3150e29c09e38d4993f93440d", "dataset_access": "embargo", "filename": "template_seed_experiment_LanQieJan9.xlsx", "most_recent": false, "zenodo_record_id": 2537073, "publication_date": "2019-01-10 15:54:41", "zenodo_concept_id": 2537072, "dataset_embargo": "2020-12-31", "dataset_title": "Increased importance of terrestrial vertebrate seed dispersal in tropical logged forests", "filesize": 951313}, {"checksum": "a1c8c0543a88a41dafdf6973b59ecaeb", "dataset_access": "open", "filename": "template_KendallLeeches.xlsx", "most_recent": true, "zenodo_record_id": 1237736, "publication_date": "2018-04-30 12:19:03", "zenodo_concept_id": 1198460, "dataset_embargo": null, "dataset_title": "The Effect of Forest Modification on Ectoparasite Density and Diversity", "filesize": 53332}, {"checksum": "ddac169c20a028bd1f916095a879b44a", "dataset_access": "open", "filename": "SAFE_Gazetteer_metadata_v3.xlsx", "most_recent": true, "zenodo_record_id": 3906082, "publication_date": "2020-06-24 09:39:47", "zenodo_concept_id": 3485120, "dataset_embargo": null, "dataset_title": "The SAFE Gazetteer", "filesize": 16553}, {"checksum": "6de7cfc0040cb5ee66198125a5abee66", "dataset_access": "embargo", "filename": "Larval_Habitat_Photos.zip", "most_recent": false, "zenodo_record_id": 3908147, "publication_date": "2020-06-25 12:41:13", "zenodo_concept_id": 3908146, "dataset_embargo": "2021-07-15", "dataset_title": "Investigating the impact of human settlements upon the availability of larval habitats and Aedes albopictus population ", "filesize": 390418055}, {"checksum": "250b9f7aa83c40f994c6172882068e46", "dataset_access": "open", "filename": "Ewers_LeafLitter.xlsx", "most_recent": true, "zenodo_record_id": 1198587, "publication_date": "2018-03-14 15:10:10", "zenodo_concept_id": 1198586, "dataset_embargo": null, "dataset_title": "Leaf litter fall", "filesize": 53285}, {"checksum": "c18932b57a6833a0b3967d09f1600a66", "dataset_access": "open", "filename": "SAFE_Alternative_Stream_network_metadata.xlsx", "most_recent": true, "zenodo_record_id": 3492064, "publication_date": "2019-10-16 13:15:05", "zenodo_concept_id": 630161, "dataset_embargo": null, "dataset_title": "Alternative stream network  data for the SAFE Project", "filesize": 14153}, {"checksum": "7e6c73676a3946e9ffc6dbdbd1f40182", "dataset_access": "open", "filename": "template_Morris.xlsx", "most_recent": true, "zenodo_record_id": 1237733, "publication_date": "2018-04-30 12:18:48", "zenodo_concept_id": 1198465, "dataset_embargo": null, "dataset_title": "Whitehead's rat morphometrics", "filesize": 158944}, {"checksum": "ed3bf9b3cd82e9325935cd2ec38ece5b", "dataset_access": "open", "filename": "Litter_Collection_Data.xlsx", "most_recent": true, "zenodo_record_id": 3265722, "publication_date": "2019-07-02 07:54:19", "zenodo_concept_id": 3265721, "dataset_embargo": null, "dataset_title": "Fine litter dynamics", "filesize": 74054}, {"checksum": "1fdcb1eabc1cd7fb7f7a498c31446a9b", "dataset_access": "open", "filename": "SAFE_layout_shapefiles.zip", "most_recent": true, "zenodo_record_id": 3490675, "publication_date": "2019-10-15 13:22:32", "zenodo_concept_id": 629855, "dataset_embargo": null, "dataset_title": "SAFE experimental site layout GIS files", "filesize": 697777}, {"checksum": "ca6ebdd11fccd741efe164868b842c41", "dataset_access": "embargo", "filename": "HLC_Wing_Length.zip", "most_recent": false, "zenodo_record_id": 3908147, "publication_date": "2020-06-25 12:41:13", "zenodo_concept_id": 3908146, "dataset_embargo": "2021-07-15", "dataset_title": "Investigating the impact of human settlements upon the availability of larval habitats and Aedes albopictus population ", "filesize": 426959026}, {"checksum": "08f34154664fa32afe934c3f1c600d70", "dataset_access": "open", "filename": "Lab_experiment_Melissa_corrected.xlsx", "most_recent": true, "zenodo_record_id": 3897394, "publication_date": "2020-06-16 17:15:51", "zenodo_concept_id": 3251901, "dataset_embargo": null, "dataset_title": "Linking potential greenhouse gas and nitric oxide fluxes to soil microbial communities in incubation experiments with soil from the SAFE landscape", "filesize": 57919}, {"checksum": "807ecb76e1ad581738656eaa694fe890", "dataset_access": "open", "filename": "template_Cassell.xlsx", "most_recent": true, "zenodo_record_id": 1198557, "publication_date": "2018-03-14 14:53:16", "zenodo_concept_id": 1198556, "dataset_embargo": null, "dataset_title": "A preliminary study of the allochthonous inputs into tropical streams across a land use gradient in Sabah, Malaysia", "filesize": 20698}, {"checksum": "466a92ea1dc062ddd3835dc727b28ff7", "dataset_access": "open", "filename": "template_Hardwick1stOrder.xlsx", "most_recent": true, "zenodo_record_id": 1228188, "publication_date": "2018-04-24 14:18:56", "zenodo_concept_id": 1228187, "dataset_embargo": null, "dataset_title": "Forest microclimate data from 1st order sites", "filesize": 20864260}, {"checksum": "c41da03e6d4907c1068e095f5ea54595", "dataset_access": "open", "filename": "templateBoyleMSc.xlsx", "most_recent": false, "zenodo_record_id": 1198581, "publication_date": "2018-03-14 15:09:51", "zenodo_concept_id": 1198580, "dataset_embargo": null, "dataset_title": "Quantifying Predation Pressure Along a Gradient of Land Use Intensity", "filesize": 94572}, {"checksum": "a6db420bcddf9633687114711d549290", "dataset_access": "open", "filename": "template_Gutierrez_TerrestrialRodentMovementRiparian.xlsx", "most_recent": false, "zenodo_record_id": 1198597, "publication_date": "2018-03-14 15:18:48", "zenodo_concept_id": 1198596, "dataset_embargo": null, "dataset_title": "Data for the project investigating movement of terrestrial rodents in riparian reserves", "filesize": 514965}, {"checksum": "acf45560e7f59d8bf32c82734edfb965", "dataset_access": "open", "filename": "2014_E.zip", "most_recent": true, "zenodo_record_id": 3366104, "publication_date": "2019-08-21 15:29:44", "zenodo_concept_id": 3366103, "dataset_embargo": null, "dataset_title": "Bioacoustic monitoring reveals shifts in breeding songbird populations and singing behaviour with selective logging in tropical forests", "filesize": 825465742}, {"checksum": "deb4b5c3018f38df0ee1dfc13d74cecc", "dataset_access": "embargo", "filename": "Belian_data_for_SAFE_upload_LQ_v2.xlsx", "most_recent": false, "zenodo_record_id": 1216040, "publication_date": "2018-04-10 13:55:52", "zenodo_concept_id": 1216039, "dataset_embargo": "2019-01-01", "dataset_title": "Spatial aggregation and seedling survival of the Borneo Ironwood (Eusideroxylon zwageri)", "filesize": 42460}, {"checksum": "e46eab4a5ef7619dcf771bb5266fdf52", "dataset_access": "open", "filename": "gazetteer.geojson", "most_recent": false, "zenodo_record_id": 3833856, "publication_date": "2020-05-19 10:46:18", "zenodo_concept_id": 3485120, "dataset_embargo": null, "dataset_title": "The SAFE Gazetteer", "filesize": 2386082}, {"checksum": "415d112236c34f3e41325d8d694b7844", "dataset_access": "open", "filename": "template_VegPlots2010.xlsx", "most_recent": true, "zenodo_record_id": 1237738, "publication_date": "2018-04-30 12:19:32", "zenodo_concept_id": 1198578, "dataset_embargo": null, "dataset_title": "Above ground net primary productivity", "filesize": 937593}, {"checksum": "5b936ed56d0b66a8801fc21f41ce19f8", "dataset_access": "open", "filename": "Vigus_beetles_data_FINALv2.xlsx", "most_recent": true, "zenodo_record_id": 3908249, "publication_date": "2020-06-25 13:59:51", "zenodo_concept_id": 3908248, "dataset_embargo": null, "dataset_title": "Coleoptera functional and morphological traits", "filesize": 718868}, {"checksum": "96b6655e22f508fb33c5cacf9190829c", "dataset_access": "open", "filename": "Psomas_Ant_Pselaphine_SAFE_dataset.xlsx", "most_recent": true, "zenodo_record_id": 1400562, "publication_date": "2018-08-20 13:25:11", "zenodo_concept_id": 1400561, "dataset_embargo": null, "dataset_title": "Myrmecophilous Pselaphine beetles in tropical forests", "filesize": 29534}, {"checksum": "ed4541365a029df0e3d4c694b3cdeb9b", "dataset_access": "open", "filename": "template_Pfeifer_DeadwoodWoodDensity.xlsx", "most_recent": false, "zenodo_record_id": 1198561, "publication_date": "2018-03-14 14:55:17", "zenodo_concept_id": 1198560, "dataset_embargo": null, "dataset_title": "Deadwood carbon stocks under logging and fragmentation impacts", "filesize": 69574}, {"checksum": "6de7cfc0040cb5ee66198125a5abee66", "dataset_access": "embargo", "filename": "Larval_Habitat_Photos.zip", "most_recent": true, "zenodo_record_id": 3929764, "publication_date": "2020-07-03 18:41:24", "zenodo_concept_id": 3908146, "dataset_embargo": "2021-07-15", "dataset_title": "Investigating the impact of human settlements upon the availability of larval habitats and Aedes albopictus population ", "filesize": 390418055}, {"checksum": "3b422d94688679b300cc8dd91a3afe0c", "dataset_access": "open", "filename": "template_LoveridgeTracking.xlsx", "most_recent": true, "zenodo_record_id": 1219161, "publication_date": "2018-04-16 15:15:18", "zenodo_concept_id": 1219160, "dataset_embargo": null, "dataset_title": "Investigating small mammal microhabitat selection in logged and unlogged tropical forests", "filesize": 178524}, {"checksum": "05ffa07d305babc2770d62e36b3f3881", "dataset_access": "open", "filename": "SAFE_Gazetteer_metadata.xlsx", "most_recent": false, "zenodo_record_id": 3485121, "publication_date": "2019-10-14 15:03:34", "zenodo_concept_id": 3485120, "dataset_embargo": null, "dataset_title": "The SAFE Gazetteer", "filesize": 16348}, {"checksum": "bd64a43d74708da9a254951a513825b6", "dataset_access": "open", "filename": "2013_B.zip", "most_recent": true, "zenodo_record_id": 3366104, "publication_date": "2019-08-21 15:29:44", "zenodo_concept_id": 3366103, "dataset_embargo": null, "dataset_title": "Bioacoustic monitoring reveals shifts in breeding songbird populations and singing behaviour with selective logging in tropical forests", "filesize": 816139733}, {"checksum": "4f7e7fbf8c35ec97bb5032d9d8a6e0e1", "dataset_access": "open", "filename": "Sampling_area_borders.xlsx", "most_recent": true, "zenodo_record_id": 3697804, "publication_date": "2020-03-05 11:14:16", "zenodo_concept_id": 630228, "dataset_embargo": null, "dataset_title": "SAFE Sampling area borders", "filesize": 11538}, {"checksum": "c0057cffcf4f6f0a794b4539dfa88a80", "dataset_access": "open", "filename": "template_SinghRamesh.xlsx", "most_recent": false, "zenodo_record_id": 1198523, "publication_date": "2018-03-14 14:51:52", "zenodo_concept_id": 1198522, "dataset_embargo": null, "dataset_title": "Seedling-habitat associations of Dipterocarps across elevation gradients", "filesize": 31630}, {"checksum": "e957a3e9f7a3db0c424d1f408913f429", "dataset_access": "open", "filename": "2014_OG1.zip", "most_recent": true, "zenodo_record_id": 3366104, "publication_date": "2019-08-21 15:29:44", "zenodo_concept_id": 3366103, "dataset_embargo": null, "dataset_title": "Bioacoustic monitoring reveals shifts in breeding songbird populations and singing behaviour with selective logging in tropical forests", "filesize": 905202524}, {"checksum": "3615d6a00ec2c9bc5088c4f601d54d03", "dataset_access": "open", "filename": "templateGleave.xlsx", "most_recent": false, "zenodo_record_id": 1198583, "publication_date": "2018-03-14 15:09:57", "zenodo_concept_id": 1198582, "dataset_embargo": null, "dataset_title": "Partitioning Seed Dispersal Rate Amongst Vertebrates Vs Invertebrates Along a Land-Use Gradient", "filesize": 65861}, {"checksum": "a8b045eb6229f9e608623ef1bbc3049d", "dataset_access": "open", "filename": "AGB_BetaregRad_Reduced.zip", "most_recent": true, "zenodo_record_id": 3698297, "publication_date": "2020-03-05 21:42:56", "zenodo_concept_id": 654585, "dataset_embargo": null, "dataset_title": "Modelled vegetation structure", "filesize": 76186146}, {"checksum": "0ccbe0bd4bc4858bc7cf447c79392f98", "dataset_access": "open", "filename": "template_KendallLeeches.xlsx", "most_recent": false, "zenodo_record_id": 1198461, "publication_date": "2018-03-14 14:25:24", "zenodo_concept_id": 1198460, "dataset_embargo": null, "dataset_title": "The Effect of Forest Modification on Ectoparasite Density and Diversity", "filesize": 53136}, {"checksum": "4a8a972670d5b68c1f621b3075de10c1", "dataset_access": "open", "filename": "2014_D.zip", "most_recent": true, "zenodo_record_id": 3366104, "publication_date": "2019-08-21 15:29:44", "zenodo_concept_id": 3366103, "dataset_embargo": null, "dataset_title": "Bioacoustic monitoring reveals shifts in breeding songbird populations and singing behaviour with selective logging in tropical forests", "filesize": 817109753}, {"checksum": "ffa3c83733ac2e28822bbae06a7352c8", "dataset_access": "embargo", "filename": "Drinkwater2019_leech_occurrence.v2.xlsx", "most_recent": true, "zenodo_record_id": 3476542, "publication_date": "2019-10-08 13:48:09", "zenodo_concept_id": 2536268, "dataset_embargo": "2019-12-31", "dataset_title": "Occurrence of blood feeding terrestrial leeches in a degraded forest ecosystem", "filesize": 77423}, {"checksum": "af629fba49c1bc934de7068bce72253b", "dataset_access": "open", "filename": "SAFE_database_dung_beetle_sexual_selection_data_final_uploaded.xlsx", "most_recent": true, "zenodo_record_id": 3342495, "publication_date": "2019-07-19 10:29:54", "zenodo_concept_id": 3342494, "dataset_embargo": null, "dataset_title": "Dung beetle sexual selection morphology data", "filesize": 569409}, {"checksum": "1624ab472978e73b7781e55627c5d61f", "dataset_access": "open", "filename": "Wilkinson2018.pdf", "most_recent": true, "zenodo_record_id": 3926374, "publication_date": "2020-07-01 17:33:01", "zenodo_concept_id": 3926373, "dataset_embargo": null, "dataset_title": "Fish diversity and discharge rates in Bornean rainforest streams", "filesize": 1225910}, {"checksum": "513454de2d58157971fb82d311c9f1ff", "dataset_access": "open", "filename": "Blonder_Mircoclimate.xlsx", "most_recent": true, "zenodo_record_id": 3266822, "publication_date": "2019-07-03 08:31:04", "zenodo_concept_id": 3266821, "dataset_embargo": null, "dataset_title": "Microclimate proxy measurements from a logging gradient in Malaysian Borneo (BALI project)", "filesize": 15494626}, {"checksum": "e2649d99ff1a938c5600d74778578047", "dataset_access": "embargo", "filename": "interaction_network.csv", "most_recent": true, "zenodo_record_id": 3247465, "publication_date": "2019-06-17 11:06:47", "zenodo_concept_id": 3247464, "dataset_embargo": "2021-06-11", "dataset_title": "Impacts of rainforest degradation on the diets of the insectivorous bats of Sabah", "filesize": 50801062}, {"checksum": "eeb61f6d9512bfae5f0a17ce9d9d5d00", "dataset_access": "open", "filename": "Mircoclimate_proxy.zip", "most_recent": true, "zenodo_record_id": 3266822, "publication_date": "2019-07-03 08:31:04", "zenodo_concept_id": 3266821, "dataset_embargo": null, "dataset_title": "Microclimate proxy measurements from a logging gradient in Malaysian Borneo (BALI project)", "filesize": 1160904}, {"checksum": "e127fd2888c62dc9e0640a58bdd5121f", "dataset_access": "embargo", "filename": "sequences_95.fasta", "most_recent": true, "zenodo_record_id": 3247465, "publication_date": "2019-06-17 11:06:47", "zenodo_concept_id": 3247464, "dataset_embargo": "2021-06-11", "dataset_title": "Impacts of rainforest degradation on the diets of the insectivorous bats of Sabah", "filesize": 2489423}, {"checksum": "7bbbb15aa6d5437fb1ca54799ba5b293", "dataset_access": "open", "filename": "templateLaneShaw.xlsx", "most_recent": false, "zenodo_record_id": 1198472, "publication_date": "2018-03-14 14:35:19", "zenodo_concept_id": 1198471, "dataset_embargo": null, "dataset_title": "Microclimate change, forest disturbance and twig-dwelling ants", "filesize": 956962}, {"checksum": "ccd5178c2c36404107a033658fff1bdd", "dataset_access": "embargo", "filename": "Seedling_data_for_SAFE_upload_2_Aug_2018.xlsx", "most_recent": true, "zenodo_record_id": 1400564, "publication_date": "2018-08-20 13:25:18", "zenodo_concept_id": 1400563, "dataset_embargo": "2019-12-31", "dataset_title": "Impact of El Nino drought on seedling dynamics", "filesize": 621223}, {"checksum": "359851004db702c7a1a74f46050e79b5", "dataset_access": "open", "filename": "SRTM_UTM50N_processed.tif", "most_recent": true, "zenodo_record_id": 3490488, "publication_date": "2019-10-15 11:06:58", "zenodo_concept_id": 630004, "dataset_embargo": null, "dataset_title": "SRTM elevation data for the SAFE Project", "filesize": 103795931}, {"checksum": "9d7f80fa71ecde48d3d7ee09cab51703", "dataset_access": "open", "filename": "template_Rao.xlsx", "most_recent": false, "zenodo_record_id": 1198565, "publication_date": "2018-03-14 14:58:45", "zenodo_concept_id": 1198564, "dataset_embargo": null, "dataset_title": "Land use effect on earthworms", "filesize": 69677}, {"checksum": "7d4e41d903c182f41a07e92186a2dab9", "dataset_access": "open", "filename": "SAFE_MammalTraps_UTM50N_WGS84.zip", "most_recent": false, "zenodo_record_id": 3490564, "publication_date": "2019-10-15 12:02:09", "zenodo_concept_id": 630132, "dataset_embargo": null, "dataset_title": "Mammal trapping grid data for the SAFE Project", "filesize": 70718}, {"checksum": "415084ca8089b1fd56c2de9d5b434366", "dataset_access": "open", "filename": "template_ShapiroMosquitoData.xlsx", "most_recent": false, "zenodo_record_id": 1198843, "publication_date": "2018-03-14 20:48:50", "zenodo_concept_id": 1198842, "dataset_embargo": null, "dataset_title": "Investigating Temperature Tolerance in Mosquito Disease Vectors Across a Land-Use Gradient", "filesize": 409514}, {"checksum": "b2e7f9a08fb5232a7c13b80d954f5115", "dataset_access": "open", "filename": "template_Doebert.xlsx", "most_recent": true, "zenodo_record_id": 2536270, "publication_date": "2019-01-09 15:45:33", "zenodo_concept_id": 2024580, "dataset_embargo": null, "dataset_title": "Landuse change and species invasion", "filesize": 1533738}, {"checksum": "b2d7d15a6a566b3d1159d23c8b85bb1f", "dataset_access": "open", "filename": "SAFE_core_sampling_stations_UTM50N_WGS84.zip", "most_recent": true, "zenodo_record_id": 3492153, "publication_date": "2019-10-16 14:56:38", "zenodo_concept_id": 629942, "dataset_embargo": null, "dataset_title": "Core SAFE Sampling locations", "filesize": 26712}, {"checksum": "777dce450d2369a6a523eb8a55b39ada", "dataset_access": "open", "filename": "template_Rao.xlsx", "most_recent": true, "zenodo_record_id": 3857210, "publication_date": "2020-05-26 17:35:31", "zenodo_concept_id": 1198564, "dataset_embargo": null, "dataset_title": "Land use effect on earthworms", "filesize": 71177}, {"checksum": "6acbf380c3fb0b45555b30e0b1673599", "dataset_access": "embargo", "filename": "Bat_SAFE_data_metadata.xlsx", "most_recent": true, "zenodo_record_id": 3247465, "publication_date": "2019-06-17 11:06:47", "zenodo_concept_id": 3247464, "dataset_embargo": "2021-06-11", "dataset_title": "Impacts of rainforest degradation on the diets of the insectivorous bats of Sabah", "filesize": 405831}, {"checksum": "07df68c42b756330ed584711d74129c0", "dataset_access": "open", "filename": "template_Heon.xlsx", "most_recent": true, "zenodo_record_id": 1304117, "publication_date": "2018-07-03 13:00:35", "zenodo_concept_id": 1198568, "dataset_embargo": null, "dataset_title": "Do logging roads impede small mammal movement in Borneo's tropical rainforests?", "filesize": 364916}, {"checksum": "17a1675442eb10ebc27cae245dc47af7", "dataset_access": "embargo", "filename": "Drinkwater2019_leech_occurrence.xlsx", "most_recent": false, "zenodo_record_id": 2536269, "publication_date": "2019-01-09 14:50:20", "zenodo_concept_id": 2536268, "dataset_embargo": "2019-12-31", "dataset_title": "Occurrence of blood feeding terrestrial leeches in a degraded forest ecosystem", "filesize": 71628}, {"checksum": "bed6083d88a5166b227bbb8e2d802312", "dataset_access": "embargo", "filename": "Both_leaf_area_scans_18062020.xlsx", "most_recent": true, "zenodo_record_id": 3780391, "publication_date": "2020-06-22 14:05:07", "zenodo_concept_id": 3780390, "dataset_embargo": "2020-12-31", "dataset_title": "Technical method comparison of leaf area assessments from leaves scanned with a flatbed scanner.", "filesize": 514383}, {"checksum": "602fcc837b553d40797ec3d54632dfad", "dataset_access": "open", "filename": "template_JoelWoon_TermiteData.xlsx", "most_recent": true, "zenodo_record_id": 1198695, "publication_date": "2018-03-14 17:09:27", "zenodo_concept_id": 1198694, "dataset_embargo": null, "dataset_title": "Investigating the resilience of termite communities to logging and climate change in Borneo", "filesize": 129435}, {"checksum": "19782cbe6c28d711fef0f7803900d97b", "dataset_access": "open", "filename": "Gazetteer_sf.R", "most_recent": false, "zenodo_record_id": 3485121, "publication_date": "2019-10-14 15:03:34", "zenodo_concept_id": 3485120, "dataset_embargo": null, "dataset_title": "The SAFE Gazetteer", "filesize": 30570}, {"checksum": "4d3edb668109a9f163fbbeb493269ec5", "dataset_access": "open", "filename": "Modelled_forest_structure.xlsx", "most_recent": true, "zenodo_record_id": 3698297, "publication_date": "2020-03-05 21:42:56", "zenodo_concept_id": 654585, "dataset_embargo": null, "dataset_title": "Modelled vegetation structure", "filesize": 12291}, {"checksum": "d423a5994b0e0d521d7ffcac2d61a56d", "dataset_access": "open", "filename": "template_PsomosMosquitoes.xlsx", "most_recent": true, "zenodo_record_id": 1303020, "publication_date": "2018-07-02 10:29:56", "zenodo_concept_id": 1303019, "dataset_embargo": null, "dataset_title": "Microclimate and the development rate of mosquito vectors", "filesize": 48305}, {"checksum": "66c6c2c5554e5d75277c3cb67cb5350a", "dataset_access": "embargo", "filename": "CSP_protocol_Chlorophyll_and_Carotenoids.pdf", "most_recent": true, "zenodo_record_id": 3247602, "publication_date": "2019-06-17 13:37:17", "zenodo_concept_id": 3247601, "dataset_embargo": "2020-12-31", "dataset_title": "Community-weighted mean traits in old-growth and selectively logged forest", "filesize": 123150}, {"checksum": "107a400af56c2fc997da6a4093090f27", "dataset_access": "embargo", "filename": "CSP_protocol_Phenols_Tannins_Analysis.pdf", "most_recent": true, "zenodo_record_id": 3247631, "publication_date": "2019-06-17 14:17:40", "zenodo_concept_id": 3247630, "dataset_embargo": "2020-12-31", "dataset_title": "Functional traits of tree species in old-growth and selectively logged forest", "filesize": 131255}, {"checksum": "02d6917ab26576ac16fe794d1eecfa00", "dataset_access": "embargo", "filename": "SAFE_soil_DATA.zip", "most_recent": true, "zenodo_record_id": 3266771, "publication_date": "2019-07-03 07:55:34", "zenodo_concept_id": 3266770, "dataset_embargo": "2021-07-03", "dataset_title": "Changing carbon dioxide and water budgets from deforestation and habitat modification", "filesize": 3815374}, {"checksum": "6db4443da9c671b47c4e2ef7274286e5", "dataset_access": "embargo", "filename": "easy.zip", "most_recent": true, "zenodo_record_id": 3780391, "publication_date": "2020-06-22 14:05:07", "zenodo_concept_id": 3780390, "dataset_embargo": "2020-12-31", "dataset_title": "Technical method comparison of leaf area assessments from leaves scanned with a flatbed scanner.", "filesize": 2044216875}, {"checksum": "c1bc8b72bca5bb46c58a40cc9755cdee", "dataset_access": "open", "filename": "SRTM_Flow_Direction.tif", "most_recent": true, "zenodo_record_id": 3490687, "publication_date": "2019-10-15 13:45:18", "zenodo_concept_id": 630259, "dataset_embargo": null, "dataset_title": "SRTM derived hydrological data for the SAFE Project", "filesize": 207476680}, {"checksum": "8eb205d403060bf66f64ab3edc10d38a", "dataset_access": "open", "filename": "UMS_Small_mammal_data.xlsx", "most_recent": true, "zenodo_record_id": 3908128, "publication_date": "2020-06-25 12:18:17", "zenodo_concept_id": 3908127, "dataset_embargo": null, "dataset_title": "Importance of riparian reserves and other forest fragments for small mammal diversity in disturbed and converted forest landscapes", "filesize": 30008}, {"checksum": "cb91a4974aeee2ba4ebeee9612f230f2", "dataset_access": "embargo", "filename": "SamHigton_Geochem_fluvial_sediment_data.xlsx", "most_recent": true, "zenodo_record_id": 3402746, "publication_date": "2019-09-09 08:52:31", "zenodo_concept_id": 3402745, "dataset_embargo": "2021-07-16", "dataset_title": "Geochemical data of fine bed-sediment from downstream sediment cores and upstream source sub-catchments in a catchment-wide flood in the Brantian ", "filesize": 607347}, {"checksum": "986bbfc0c8f23d23ef1df04c04f4d49f", "dataset_access": "open", "filename": "template_Luke_Termites.xlsx", "most_recent": true, "zenodo_record_id": 1198833, "publication_date": "2018-03-14 20:28:37", "zenodo_concept_id": 1198832, "dataset_embargo": null, "dataset_title": "Ant and termite assemblages along a tropical forest disturbance gradient in Sabah, Malaysia: A study of co-variation and trophic interactions", "filesize": 152349}, {"checksum": "e11c146212475549eee7fff054075137", "dataset_access": "open", "filename": "2014_OG2.zip", "most_recent": true, "zenodo_record_id": 3366104, "publication_date": "2019-08-21 15:29:44", "zenodo_concept_id": 3366103, "dataset_embargo": null, "dataset_title": "Bioacoustic monitoring reveals shifts in breeding songbird populations and singing behaviour with selective logging in tropical forests", "filesize": 950355221}, {"checksum": "2a5410fb64494d18198ca941185a6393", "dataset_access": "embargo", "filename": "SAFE_SoilRespiration_Data_SAFEdatabase.xlsx", "most_recent": true, "zenodo_record_id": 3266771, "publication_date": "2019-07-03 07:55:34", "zenodo_concept_id": 3266770, "dataset_embargo": "2021-07-03", "dataset_title": "Changing carbon dioxide and water budgets from deforestation and habitat modification", "filesize": 3103504}, {"checksum": "f4c450eef01241952c06f3cf62b638cd", "dataset_access": "open", "filename": "SAFE_COUPE.zip", "most_recent": true, "zenodo_record_id": 3266827, "publication_date": "2019-07-03 08:39:42", "zenodo_concept_id": 3266826, "dataset_embargo": null, "dataset_title": "Quantifying the spatial heterogeneity of forest conversion costs and how it relates to biodiversity, conservation and land use history", "filesize": 63757}, {"checksum": "d42024f8b47d6e6848906afd2fef1455", "dataset_access": "open", "filename": "templateGleave.xlsx", "most_recent": true, "zenodo_record_id": 1237725, "publication_date": "2018-04-30 12:17:11", "zenodo_concept_id": 1198582, "dataset_embargo": null, "dataset_title": "Partitioning Seed Dispersal Rate Amongst Vertebrates Vs Invertebrates Along a Land-Use Gradient", "filesize": 65953}, {"checksum": "728f5a5f77cfa786e8af8712ef4cffa7", "dataset_access": "open", "filename": "ASTER_WGS84_raw.tif", "most_recent": true, "zenodo_record_id": 3491956, "publication_date": "2019-10-16 11:27:05", "zenodo_concept_id": 630123, "dataset_embargo": null, "dataset_title": "ASTER elevation data for the SAFE Project", "filesize": 103824761}, {"checksum": "9784deb46253fae888696bdd03997d9d", "dataset_access": "open", "filename": "GrayAntCompetition.xlsx", "most_recent": true, "zenodo_record_id": 1198302, "publication_date": "2018-03-14 13:50:53", "zenodo_concept_id": 1198301, "dataset_embargo": null, "dataset_title": "The role of competition in structuring ant community composition across a tropical forest disturbance gradient", "filesize": 190121}, {"checksum": "4c2641ca6c840b3180026628f577383c", "dataset_access": "open", "filename": "template_MosquitoDataBrant77.xlsx", "most_recent": true, "zenodo_record_id": 1198846, "publication_date": "2018-03-14 21:03:29", "zenodo_concept_id": 1198696, "dataset_embargo": null, "dataset_title": "Mosquito data at SAFE 2012-2014", "filesize": 155384}, {"checksum": "e0e3318fa63833c8e362e97eee779423", "dataset_access": "open", "filename": "SAFE_GIS_Layout_metadata.xlsx", "most_recent": true, "zenodo_record_id": 3490675, "publication_date": "2019-10-15 13:22:32", "zenodo_concept_id": 629855, "dataset_embargo": null, "dataset_title": "SAFE experimental site layout GIS files", "filesize": 15367}, {"checksum": "ea2949ac4594b33485992117b7a20335", "dataset_access": "open", "filename": "SAFE_Core_sampling_locations.xlsx", "most_recent": true, "zenodo_record_id": 3492153, "publication_date": "2019-10-16 14:56:38", "zenodo_concept_id": 629942, "dataset_embargo": null, "dataset_title": "Core SAFE Sampling locations", "filesize": 12155}, {"checksum": "552b85bba416e76155f8047432fa7f38", "dataset_access": "open", "filename": "AGB_BetaregRad_Full.zip", "most_recent": true, "zenodo_record_id": 3698297, "publication_date": "2020-03-05 21:42:56", "zenodo_concept_id": 654585, "dataset_embargo": null, "dataset_title": "Modelled vegetation structure", "filesize": 77589983}, {"checksum": "5ddb54cecad2d265d8fa09445635ab30", "dataset_access": "embargo", "filename": "Belian_data_for_SAFE_upload_LQ_10Jan_2019.xlsx", "most_recent": true, "zenodo_record_id": 2537074, "publication_date": "2019-01-10 15:55:17", "zenodo_concept_id": 1216039, "dataset_embargo": "2019-01-01", "dataset_title": "Spatial aggregation and seedling survival of the Borneo Ironwood (Eusideroxylon zwageri)", "filesize": 42857}, {"checksum": "66db91fef81b284dd76bd36ec46fa348", "dataset_access": "open", "filename": "template_Deadwood2011.xlsx", "most_recent": true, "zenodo_record_id": 1237737, "publication_date": "2018-04-30 12:19:16", "zenodo_concept_id": 1198576, "dataset_embargo": null, "dataset_title": "Deadwood stocks and dynamics", "filesize": 437435}, {"checksum": "543dd28b8d74d727c4107499d3dca0d3", "dataset_access": "embargo", "filename": "1_HJ_river_water_riparian.xlsx", "most_recent": true, "zenodo_record_id": 3258079, "publication_date": "2019-06-27 09:38:52", "zenodo_concept_id": 3251886, "dataset_embargo": "2020-06-30", "dataset_title": "Soil greenhouse gas fluxes along transects from oil palm to riparian forests in the SAFE landscape", "filesize": 91863}, {"checksum": "532367be130e3a22d97cf05f426b8ed9", "dataset_access": "embargo", "filename": "2_GHG_jdrewer_lab_exp_SAFE_soil.xlsx", "most_recent": false, "zenodo_record_id": 3258082, "publication_date": "2019-06-27 09:39:07", "zenodo_concept_id": 3251901, "dataset_embargo": "2020-06-30", "dataset_title": "Linking potential greenhouse gas and NO fluxes to soil microbial communities in incubation experiments with soil from the SAFE landscape", "filesize": 50265}, {"checksum": "5717894833c3018b6dfa8d485e908535", "dataset_access": "embargo", "filename": "Fluctuating_Asymmetry_and_Body_Condition_of_Anurans_in_the_SAFE_Project.xlsx", "most_recent": true, "zenodo_record_id": 3485086, "publication_date": "2019-10-14 14:28:34", "zenodo_concept_id": 3485085, "dataset_embargo": "2021-05-16", "dataset_title": "Impacts of habitat disturbance on population health of Bornean frogs", "filesize": 92599}, {"checksum": "ac18a3a3e75f494046f7f33751f6673e", "dataset_access": "embargo", "filename": "2_GHG_jdrewer_lab_exp_SAFE_soil.xlsx", "most_recent": false, "zenodo_record_id": 3251902, "publication_date": "2019-06-21 13:46:08", "zenodo_concept_id": 3251901, "dataset_embargo": "2020-06-30", "dataset_title": "Linking potential greenhouse gas and NO fluxes to soil microbial communities in incubation experiments with soil from the SAFE landscape", "filesize": 50199}, {"checksum": "f54eb7ec445353875b0ee4bf5a8fc58d", "dataset_access": "embargo", "filename": "3_GHG_jdrewer.xlsx", "most_recent": false, "zenodo_record_id": 3251900, "publication_date": "2019-06-21 13:45:59", "zenodo_concept_id": 3251899, "dataset_embargo": "2020-06-30", "dataset_title": "Soil greenhouse gas fluxes and associated parameters from forest and oil palm in the SAFE landscape", "filesize": 91533}, {"checksum": "e6cb4e83420d2662e6cbc080d8db10f6", "dataset_access": "open", "filename": "SAFE_Mammal_traps_metadata.xlsx", "most_recent": true, "zenodo_record_id": 3490613, "publication_date": "2019-10-15 12:42:20", "zenodo_concept_id": 630132, "dataset_embargo": null, "dataset_title": "Mammal trapping grid data for the SAFE Project", "filesize": 47607}, {"checksum": "548d512c2a54ceddec5db15087fc1d52", "dataset_access": "open", "filename": "2014_B.zip", "most_recent": true, "zenodo_record_id": 3366104, "publication_date": "2019-08-21 15:29:44", "zenodo_concept_id": 3366103, "dataset_embargo": null, "dataset_title": "Bioacoustic monitoring reveals shifts in breeding songbird populations and singing behaviour with selective logging in tropical forests", "filesize": 817272171}, {"checksum": "e6e5fdaa84517f5325a825fe32216c80", "dataset_access": "open", "filename": "template_Konopik.xlsx", "most_recent": true, "zenodo_record_id": 1995439, "publication_date": "2018-12-06 10:32:54", "zenodo_concept_id": 1995247, "dataset_embargo": null, "dataset_title": "Functional diversity of amphibian assemblages along a disturbance gradient", "filesize": 1602149}, {"checksum": "d1ec4154af38431be70571965756e6f2", "dataset_access": "embargo", "filename": "SAFE_Core_Small_Mammal_Data_V2.xlsx", "most_recent": true, "zenodo_record_id": 1478524, "publication_date": "2018-11-06 10:20:04", "zenodo_concept_id": 1478523, "dataset_embargo": "2020-10-05", "dataset_title": "Core SAFE project small mammal trapping data", "filesize": 7104673}, {"checksum": "4c4217b483cf4098bc603712642a4732", "dataset_access": "open", "filename": "SAFE_FluxTower_MetData_2012-2017.xlsx", "most_recent": true, "zenodo_record_id": 3888375, "publication_date": "2020-06-10 13:11:57", "zenodo_concept_id": 3888374, "dataset_embargo": null, "dataset_title": "Microclimate at SAFE Flux Tower", "filesize": 15511035}, {"checksum": "ded05ecf156c118eaf6cb0a8ee863420", "dataset_access": "open", "filename": "LAI_BetaregRad_withMSAVI.zip", "most_recent": true, "zenodo_record_id": 3698297, "publication_date": "2020-03-05 21:42:56", "zenodo_concept_id": 654585, "dataset_embargo": null, "dataset_title": "Modelled vegetation structure", "filesize": 73569789}, {"checksum": "d0323dbeb8008282d79806cf56f046fc", "dataset_access": "embargo", "filename": "template_ClareWfunctiondata.xlsx", "most_recent": false, "zenodo_record_id": 1198841, "publication_date": "2018-03-14 20:43:11", "zenodo_concept_id": 1198840, "dataset_embargo": "2018-04-01", "dataset_title": "Fish functional diversity traits ", "filesize": 18690}, {"checksum": "ebefb8006facf43223d2bff6ddeab95c", "dataset_access": "embargo", "filename": "DavisonBeardedPigs.xlsx", "most_recent": true, "zenodo_record_id": 2599732, "publication_date": "2019-03-20 10:45:07", "zenodo_concept_id": 1198692, "dataset_embargo": "2019-09-22", "dataset_title": "Long term bearded pig camera trap data across the SAFE landscape.  NB: These data are a subset of the full SAFE Project core mammal trapping data, but include additional details about bearded pig social structure and abundances", "filesize": 363098}, {"checksum": "0a3b3fc66c4d0fe0622f22dca8affa28", "dataset_access": "open", "filename": "SAFE_ARSF_Lidar_flight_metadata.xlsx", "most_recent": true, "zenodo_record_id": 3492148, "publication_date": "2019-10-16 14:37:04", "zenodo_concept_id": 630119, "dataset_embargo": null, "dataset_title": "Flight swaths for 2014 ASRF LIDAR scans", "filesize": 11823}, {"checksum": "840be57946372720e549e96ce21c99e9", "dataset_access": "open", "filename": "Template_cross_sections.xlsx", "most_recent": true, "zenodo_record_id": 3476390, "publication_date": "2019-10-08 13:17:48", "zenodo_concept_id": 3476357, "dataset_embargo": null, "dataset_title": "Investigating the effects of retaining riparian forest buffer zones of differing width on stream channel geomorphology", "filesize": 386186}, {"checksum": "27238f06cf5bcc9b54fa02979b8736d6", "dataset_access": "open", "filename": "Both_litter_decomposition_experiment.xlsx", "most_recent": true, "zenodo_record_id": 3247639, "publication_date": "2019-06-17 14:19:19", "zenodo_concept_id": 3247638, "dataset_embargo": null, "dataset_title": "Leaf litter decomposition in old-growth and selectively logged forest", "filesize": 44939}, {"checksum": "dd941aeda4422861c9c113a931c2ee31", "dataset_access": "embargo", "filename": "4_VOC_jdrewer.xlsx", "most_recent": true, "zenodo_record_id": 3698115, "publication_date": "2020-03-05 16:15:51", "zenodo_concept_id": 3698114, "dataset_embargo": "2020-12-31", "dataset_title": "Soil VOC emission rates and associated parameters from forest and oil palm in the SAFE landscape", "filesize": 76065}, {"checksum": "4a7eb2954660d43498ea4dc005a18dd3", "dataset_access": "open", "filename": "location_aliases.csv", "most_recent": false, "zenodo_record_id": 3833856, "publication_date": "2020-05-19 10:46:18", "zenodo_concept_id": 3485120, "dataset_embargo": null, "dataset_title": "The SAFE Gazetteer", "filesize": 26136}, {"checksum": "9a7d068e7d9cc0fd7656067972847307", "dataset_access": "embargo", "filename": "Sarab_point_count_data.xlsx", "most_recent": false, "zenodo_record_id": 3265712, "publication_date": "2019-07-02 07:50:08", "zenodo_concept_id": 3265711, "dataset_embargo": "2021-06-01", "dataset_title": "Avifaunal and Herpetofaunal point counts with recorded acoustic data", "filesize": 1493446}, {"checksum": "abc6edc86f36bb4b01fd33bfad3a75f9", "dataset_access": "open", "filename": "gazetteer.geojson", "most_recent": false, "zenodo_record_id": 3485121, "publication_date": "2019-10-14 15:03:34", "zenodo_concept_id": 3485120, "dataset_embargo": null, "dataset_title": "The SAFE Gazetteer", "filesize": 2385569}, {"checksum": "12ae811388f6fe36f43b2421d49e3061", "dataset_access": "open", "filename": "template_Konopik.xlsx", "most_recent": false, "zenodo_record_id": 1995248, "publication_date": "2018-12-06 10:22:43", "zenodo_concept_id": 1995247, "dataset_embargo": null, "dataset_title": "Functional diversity of amphibian assemblages along a disturbance gradient", "filesize": 1602193}, {"checksum": "58430fa2c4d9806c76b53498852b2b0d", "dataset_access": "embargo", "filename": "template_LayfieldOtters.xlsx", "most_recent": true, "zenodo_record_id": 1198475, "publication_date": "2018-03-14 14:36:40", "zenodo_concept_id": 1198474, "dataset_embargo": "2019-02-28", "dataset_title": "Otter qPCR Data at SAFE", "filesize": 35275}, {"checksum": "c899a9b393a8a8768fb356506cebf5f0", "dataset_access": "open", "filename": "template_HardwickVerticalStratification.xlsx", "most_recent": true, "zenodo_record_id": 1303012, "publication_date": "2018-07-02 10:29:10", "zenodo_concept_id": 1303011, "dataset_embargo": null, "dataset_title": "Microclimate stratification in modified forests", "filesize": 14535974}, {"checksum": "96109736d2356752afcfee1dbb385099", "dataset_access": "open", "filename": "gazetteer.geojson", "most_recent": true, "zenodo_record_id": 3906082, "publication_date": "2020-06-24 09:39:47", "zenodo_concept_id": 3485120, "dataset_embargo": null, "dataset_title": "The SAFE Gazetteer", "filesize": 2439417}, {"checksum": "9ab2b5d8a8eb96b84ed3be04d069bec8", "dataset_access": "open", "filename": "LAI_BetaregRad_noMSAVI.zip", "most_recent": true, "zenodo_record_id": 3698297, "publication_date": "2020-03-05 21:42:56", "zenodo_concept_id": 654585, "dataset_embargo": null, "dataset_title": "Modelled vegetation structure", "filesize": 73425798}, {"checksum": "20c9a2ebbff5f449fbca8e50b56243fb", "dataset_access": "open", "filename": "template_VegPlots2010.xlsx", "most_recent": false, "zenodo_record_id": 1198579, "publication_date": "2018-03-14 15:09:45", "zenodo_concept_id": 1198578, "dataset_embargo": null, "dataset_title": "Above ground net primary productivity", "filesize": 937811}, {"checksum": "c22bef780667d04b910ba1f2c3051a04", "dataset_access": "open", "filename": "Core_insect_2011_2012_2017.xlsx", "most_recent": true, "zenodo_record_id": 3354068, "publication_date": "2019-07-29 08:57:03", "zenodo_concept_id": 3354067, "dataset_embargo": null, "dataset_title": "Core - invert biomass + ordinal sort", "filesize": 587377}, {"checksum": "4f5b6f4c58b43f488f43aab675562d9c", "dataset_access": "open", "filename": "Pillay_R_et_al_Dryobalanops_lanceolata_AllData.xlsx", "most_recent": true, "zenodo_record_id": 2020340, "publication_date": "2018-12-07 10:04:14", "zenodo_concept_id": 2020339, "dataset_embargo": null, "dataset_title": "Multiple stages of tree seedling recruitment are altered in tropical forests degraded by selective logging", "filesize": 401998}, {"checksum": "ca6ebdd11fccd741efe164868b842c41", "dataset_access": "embargo", "filename": "HLC_Wing_Length.zip", "most_recent": true, "zenodo_record_id": 3929764, "publication_date": "2020-07-03 18:41:24", "zenodo_concept_id": 3908146, "dataset_embargo": "2021-07-15", "dataset_title": "Investigating the impact of human settlements upon the availability of larval habitats and Aedes albopictus population ", "filesize": 426959026}, {"checksum": "f8cb902cbb113d1abd16354a50d98f52", "dataset_access": "open", "filename": "SAFE_topographic_roughness.xlsx", "most_recent": true, "zenodo_record_id": 3697796, "publication_date": "2020-03-05 10:57:27", "zenodo_concept_id": 630063, "dataset_embargo": null, "dataset_title": "SAFE topographic roughness", "filesize": 10492}, {"checksum": "655146a12f0f13eadda541308e93c224", "dataset_access": "open", "filename": "template_ClareWfunctiondata.xlsx", "most_recent": true, "zenodo_record_id": 1237719, "publication_date": "2018-04-30 12:16:07", "zenodo_concept_id": 1198840, "dataset_embargo": null, "dataset_title": "Fish functional diversity traits ", "filesize": 18194}, {"checksum": "9969ff587b320aca76daaba7bf1a18d6", "dataset_access": "open", "filename": "Fish_ID_Sheet.pdf", "most_recent": true, "zenodo_record_id": 3926374, "publication_date": "2020-07-01 17:33:01", "zenodo_concept_id": 3926373, "dataset_embargo": null, "dataset_title": "Fish diversity and discharge rates in Bornean rainforest streams", "filesize": 2510088}, {"checksum": "f45db0a9332dbd69e8014c8d0ca75583", "dataset_access": "open", "filename": "template-AltitudinalMicroclimate.xlsx", "most_recent": false, "zenodo_record_id": 1216003, "publication_date": "2018-04-10 12:46:01", "zenodo_concept_id": 1216002, "dataset_embargo": null, "dataset_title": "Altitudinal gradient of microclimate", "filesize": 5112655}, {"checksum": "6fa3afbf8dfc530fbd78d2eb5e9ba32c", "dataset_access": "open", "filename": "Ecosystem_Process_Rates.xlsx", "most_recent": true, "zenodo_record_id": 3908118, "publication_date": "2020-06-25 12:13:26", "zenodo_concept_id": 3908117, "dataset_embargo": null, "dataset_title": "Ecosystem process rates across SAFE project forest quality gradient", "filesize": 443039}, {"checksum": "f067aaf307f0624bb169c1fe71e43d07", "dataset_access": "open", "filename": "Ant_Bait_Removal_SAFE_database.xlsx", "most_recent": true, "zenodo_record_id": 3876227, "publication_date": "2020-06-04 10:25:20", "zenodo_concept_id": 3247484, "dataset_embargo": null, "dataset_title": "How does forest conversion and fragmentation affect ant communities and the ecosystem processes that they mediate?", "filesize": 1518210}, {"checksum": "19cb0d4c5a1daab1182d0c188fe74a36", "dataset_access": "open", "filename": "SAFE_Country_border_metadata.xlsx", "most_recent": true, "zenodo_record_id": 3492126, "publication_date": "2019-10-16 14:08:03", "zenodo_concept_id": 630241, "dataset_embargo": null, "dataset_title": "Country borders and shorelines around the SAFE Project", "filesize": 14306}, {"checksum": "69e085f6a0b113a19d2fa24efcf1b93f", "dataset_access": "open", "filename": "LiDAR_Aboveground_Carbon.xlsx", "most_recent": true, "zenodo_record_id": 3247699, "publication_date": "2019-06-17 15:41:52", "zenodo_concept_id": 3081058, "dataset_embargo": null, "dataset_title": "Above-ground carbon density derived from LiDAR data over oil palm plantations in Malaysian Borneo, 2014", "filesize": 24830}, {"checksum": "ce411b1e5350a74b8876569cbd472630", "dataset_access": "embargo", "filename": "Orangutan_Transect_Data.xlsx", "most_recent": true, "zenodo_record_id": 3237507, "publication_date": "2019-06-03 11:20:22", "zenodo_concept_id": 3237506, "dataset_embargo": "2021-03-18", "dataset_title": "The effect of tropical forest modification on primate population density and diversity", "filesize": 78349}, {"checksum": "66c6c2c5554e5d75277c3cb67cb5350a", "dataset_access": "embargo", "filename": "CSP_protocol_Chlorophyll_and_Carotenoids.pdf", "most_recent": true, "zenodo_record_id": 3247631, "publication_date": "2019-06-17 14:17:40", "zenodo_concept_id": 3247630, "dataset_embargo": "2020-12-31", "dataset_title": "Functional traits of tree species in old-growth and selectively logged forest", "filesize": 123150}, {"checksum": "d7a283b6a635a1413964e398ad1887f2", "dataset_access": "open", "filename": "template_MosquitoDataBrant77.xlsx", "most_recent": false, "zenodo_record_id": 1198697, "publication_date": "2018-03-14 17:09:37", "zenodo_concept_id": 1198696, "dataset_embargo": null, "dataset_title": "Mosquito data at SAFE 2012-2014", "filesize": 154420}, {"checksum": "18706dd3834781c8a2aea8fde7902a85", "dataset_access": "open", "filename": "2013_OG1.zip", "most_recent": true, "zenodo_record_id": 3366104, "publication_date": "2019-08-21 15:29:44", "zenodo_concept_id": 3366103, "dataset_embargo": null, "dataset_title": "Bioacoustic monitoring reveals shifts in breeding songbird populations and singing behaviour with selective logging in tropical forests", "filesize": 627963808}, {"checksum": "f2abfe015387ed3861d147995c4d66b3", "dataset_access": "embargo", "filename": "Adam_Sharp_data.xlsx", "most_recent": true, "zenodo_record_id": 1323504, "publication_date": "2018-07-30 09:40:54", "zenodo_concept_id": 1323503, "dataset_embargo": "2019-01-01", "dataset_title": "Beetle Diversity", "filesize": 2171525}, {"checksum": "6c7e916cf30b7479151bb55e7051799b", "dataset_access": "open", "filename": "template_Twining.xlsx", "most_recent": true, "zenodo_record_id": 1237731, "publication_date": "2018-04-30 12:17:51", "zenodo_concept_id": 1198468, "dataset_embargo": null, "dataset_title": "Terrestrial scavenger trapping data", "filesize": 127182}, {"checksum": "3951f29028e631f40f37418c78586f20", "dataset_access": "open", "filename": "2013_D.zip", "most_recent": true, "zenodo_record_id": 3366104, "publication_date": "2019-08-21 15:29:44", "zenodo_concept_id": 3366103, "dataset_embargo": null, "dataset_title": "Bioacoustic monitoring reveals shifts in breeding songbird populations and singing behaviour with selective logging in tropical forests", "filesize": 816870671}, {"checksum": "51e1772db8f54b877182979243000c8c", "dataset_access": "open", "filename": "2013_E.zip", "most_recent": true, "zenodo_record_id": 3366104, "publication_date": "2019-08-21 15:29:44", "zenodo_concept_id": 3366103, "dataset_embargo": null, "dataset_title": "Bioacoustic monitoring reveals shifts in breeding songbird populations and singing behaviour with selective logging in tropical forests", "filesize": 837623569}, {"checksum": "4b5b7182ee63e2579a0a7c64dddab40e", "dataset_access": "embargo", "filename": "Both_wood_chemistry.xlsx", "most_recent": true, "zenodo_record_id": 3402748, "publication_date": "2019-09-09 08:52:37", "zenodo_concept_id": 3402747, "dataset_embargo": "2020-12-31", "dataset_title": "Branch wood chemistry of tree species in old-growth and selectively logged forest", "filesize": 214320}, {"checksum": "2ba370f3f3bc8636ba75ec3fe3156fba", "dataset_access": "embargo", "filename": "SAFE_LOMBOK_dung_beetle_2018_data.xlsx", "most_recent": true, "zenodo_record_id": 3832076, "publication_date": "2020-05-18 12:56:44", "zenodo_concept_id": 3832075, "dataset_embargo": "2022-01-01", "dataset_title": "Dung beetle community data 2018", "filesize": 60503}, {"checksum": "49f6f11f41fe314b48907c77fe00716a", "dataset_access": "open", "filename": "template_Pfeifer.xlsx", "most_recent": true, "zenodo_record_id": 1198585, "publication_date": "2018-03-14 15:10:04", "zenodo_concept_id": 1198584, "dataset_embargo": null, "dataset_title": "Forest quality and land use intensity indicators", "filesize": 102244}, {"checksum": "20e4ec1956974b385fe2cbbae2bcfd43", "dataset_access": "open", "filename": "template_Twining.xlsx", "most_recent": false, "zenodo_record_id": 1198469, "publication_date": "2018-03-14 14:33:28", "zenodo_concept_id": 1198468, "dataset_embargo": null, "dataset_title": "Terrestrial scavenger trapping data", "filesize": 127105}, {"checksum": "9781e836a2f5c40b5f232d05677af011", "dataset_access": "open", "filename": "Sampling_area_borders_UTM50N_WGS84.zip", "most_recent": true, "zenodo_record_id": 3697804, "publication_date": "2020-03-05 11:14:16", "zenodo_concept_id": 630228, "dataset_embargo": null, "dataset_title": "SAFE Sampling area borders", "filesize": 75909}, {"checksum": "f82d5b852b0cdc187a6115e891dc3dd5", "dataset_access": "embargo", "filename": "Larval_Adult_ID.zip", "most_recent": true, "zenodo_record_id": 3929764, "publication_date": "2020-07-03 18:41:24", "zenodo_concept_id": 3908146, "dataset_embargo": "2021-07-15", "dataset_title": "Investigating the impact of human settlements upon the availability of larval habitats and Aedes albopictus population ", "filesize": 737287558}, {"checksum": "14727db6aae3634ce6328296fb62c6eb", "dataset_access": "open", "filename": "SRTM_UTM50N_TRI_Riley1999.tif", "most_recent": true, "zenodo_record_id": 3697796, "publication_date": "2020-03-05 10:57:27", "zenodo_concept_id": 630063, "dataset_embargo": null, "dataset_title": "SAFE topographic roughness", "filesize": 168333143}, {"checksum": "0c532c207dd6f29aa7b42700f5b3acd7", "dataset_access": "embargo", "filename": "template_seed_experiment_LanQieJan9_v2.xlsx", "most_recent": true, "zenodo_record_id": 3901735, "publication_date": "2020-06-19 20:10:23", "zenodo_concept_id": 2537072, "dataset_embargo": "2020-12-31", "dataset_title": "Increased importance of terrestrial vertebrate seed dispersal in tropical logged forests", "filesize": 945086}, {"checksum": "f9b77207a2f07f0b44d7cf92df811cc8", "dataset_access": "embargo", "filename": "template_Bishop.xlsx", "most_recent": true, "zenodo_record_id": 1198839, "publication_date": "2018-03-14 20:38:11", "zenodo_concept_id": 1198838, "dataset_embargo": "2018-08-14", "dataset_title": "Abundance and morphometrics of ant genera", "filesize": 1190765}, {"checksum": "99ce9782662c1b1d766bbc10c3dccf65", "dataset_access": "open", "filename": "template_SinghRamesh.xlsx", "most_recent": true, "zenodo_record_id": 1237724, "publication_date": "2018-04-30 12:16:59", "zenodo_concept_id": 1198522, "dataset_embargo": null, "dataset_title": "Seedling-habitat associations of Dipterocarps across elevation gradients", "filesize": 31697}, {"checksum": "05a209726c2a727558c71cb1dc1c2908", "dataset_access": "restricted", "filename": "template_Fayle_BaitCards.xlsx", "most_recent": true, "zenodo_record_id": 1237730, "publication_date": "2018-04-30 12:17:37", "zenodo_concept_id": 1237729, "dataset_embargo": null, "dataset_title": "How does forest conversion and fragmentation affect ant communities and the ecosystem processes that they mediate?", "filesize": 287732}, {"checksum": "1b23070a2a0509eb9bc9d10153816c5d", "dataset_access": "open", "filename": "SAFE_Hydrology_2020.xlsx", "most_recent": true, "zenodo_record_id": 3926374, "publication_date": "2020-07-01 17:33:01", "zenodo_concept_id": 3926373, "dataset_embargo": null, "dataset_title": "Fish diversity and discharge rates in Bornean rainforest streams", "filesize": 865547}, {"checksum": "8dc8efd3dd381fd73c4155812992d6e6", "dataset_access": "open", "filename": "SRTM_UTM50N_seamask.tif", "most_recent": true, "zenodo_record_id": 3490488, "publication_date": "2019-10-15 11:06:58", "zenodo_concept_id": 630004, "dataset_embargo": null, "dataset_title": "SRTM elevation data for the SAFE Project", "filesize": 103795931}, {"checksum": "af621f30e0be77b7a643147b2568d8c7", "dataset_access": "open", "filename": "Carbon_corrected_slopes.xlsx", "most_recent": true, "zenodo_record_id": 3247592, "publication_date": "2019-06-17 13:30:44", "zenodo_concept_id": 3247591, "dataset_embargo": null, "dataset_title": "Daily cycles in soil carbon flux", "filesize": 358967}, {"checksum": "64679ac399ae3a5c83e7ff60f45250fc", "dataset_access": "open", "filename": "SRTM_Log_Flow_Accum.tif", "most_recent": true, "zenodo_record_id": 3490687, "publication_date": "2019-10-15 13:45:18", "zenodo_concept_id": 630259, "dataset_embargo": null, "dataset_title": "SRTM derived hydrological data for the SAFE Project", "filesize": 207477279}, {"checksum": "7c90fc517fa1eccc4e8630048c2c8c88", "dataset_access": "embargo", "filename": "Riparian_Invertebrate_Movement_Data_SAFE.xlsx", "most_recent": true, "zenodo_record_id": 3475406, "publication_date": "2019-10-07 15:10:55", "zenodo_concept_id": 3475405, "dataset_embargo": "2019-12-01", "dataset_title": "Riparian_Invertebrate_Movement_Data_SAFE", "filesize": 83382}, {"checksum": "750a8d6b659ac45842bc00efcce30525", "dataset_access": "open", "filename": "Veg_Volent_mammals.xlsx", "most_recent": true, "zenodo_record_id": 3265704, "publication_date": "2019-07-02 07:44:17", "zenodo_concept_id": 3265703, "dataset_embargo": null, "dataset_title": "Species richness, composition and microhabitat characteristics of non-volant terrestrial mammals in disturbed habitats", "filesize": 72228}, {"checksum": "33a31a9d217aa23827bf66fe74523da7", "dataset_access": "open", "filename": "template_Metcalfe.xlsx", "most_recent": true, "zenodo_record_id": 1303018, "publication_date": "2018-07-02 10:29:49", "zenodo_concept_id": 1303017, "dataset_embargo": null, "dataset_title": "Evaluating changing patterns of herbivory as a result of habitat change", "filesize": 420421}, {"checksum": "cc1556d2eaf9dd83ac6af9cbe390381d", "dataset_access": "open", "filename": "ARSF_Lidar_swaths_UTM50N_WGS84.zip", "most_recent": true, "zenodo_record_id": 3492148, "publication_date": "2019-10-16 14:37:04", "zenodo_concept_id": 630119, "dataset_embargo": null, "dataset_title": "Flight swaths for 2014 ASRF LIDAR scans", "filesize": 341969}, {"checksum": "107a400af56c2fc997da6a4093090f27", "dataset_access": "embargo", "filename": "CSP_protocol_Phenols_Tannins_Analysis.pdf", "most_recent": true, "zenodo_record_id": 3247602, "publication_date": "2019-06-17 13:37:17", "zenodo_concept_id": 3247601, "dataset_embargo": "2020-12-31", "dataset_title": "Community-weighted mean traits in old-growth and selectively logged forest", "filesize": 131255}, {"checksum": "92b00514de6f37d83c04ea9232e40c62", "dataset_access": "embargo", "filename": "SAFE_database_dung_beetle_2015_data_final_uploaded_copy.xlsx", "most_recent": true, "zenodo_record_id": 3247494, "publication_date": "2019-06-17 11:48:52", "zenodo_concept_id": 3247493, "dataset_embargo": "2021-03-01", "dataset_title": "Dung beetle community and dung removal data 2015", "filesize": 85644}, {"checksum": "5095c2700300e03b09201519a95e4664", "dataset_access": "open", "filename": "Nested_fractal_table_maker.R", "most_recent": true, "zenodo_record_id": 1344569, "publication_date": "2018-08-13 15:24:47", "zenodo_concept_id": 1344568, "dataset_embargo": null, "dataset_title": "Fractal sampling point nesting", "filesize": 6922}, {"checksum": "0429bf2f288df204a82faf587323b779", "dataset_access": "open", "filename": "SRTM_Channels_network.zip", "most_recent": true, "zenodo_record_id": 3492009, "publication_date": "2019-10-16 12:30:45", "zenodo_concept_id": 630015, "dataset_embargo": null, "dataset_title": "Stream network  for the SAFE Project derived from SRTM data", "filesize": 8326217}, {"checksum": "62a6fc7c24b0219ea50f2f8c0f08a988", "dataset_access": "open", "filename": "LiDAR_Aboveground_Carbon.xlsx", "most_recent": false, "zenodo_record_id": 3081059, "publication_date": "2019-05-21 13:20:53", "zenodo_concept_id": 3081058, "dataset_embargo": null, "dataset_title": "Above-ground carbon density derived from LiDAR data over oil palm plantations in Malaysian Borneo, 2014", "filesize": 24359}, {"checksum": "05b78db874eec3b434ad544e3e5098b0", "dataset_access": "embargo", "filename": "SAFE_LOMBOK_Rivers_Dung_Beetle_2017_2018.xlsx", "most_recent": true, "zenodo_record_id": 3906441, "publication_date": "2020-06-24 13:27:38", "zenodo_concept_id": 3906440, "dataset_embargo": "2021-07-01", "dataset_title": "Dung beetle community 2017/18", "filesize": 41969}, {"checksum": "0011f76ea637bb6e7b6b90e15e983ed8", "dataset_access": "open", "filename": "template_Doebert.xlsx", "most_recent": false, "zenodo_record_id": 2024581, "publication_date": "2018-12-07 12:02:26", "zenodo_concept_id": 2024580, "dataset_embargo": null, "dataset_title": "Landuse change and species invasion", "filesize": 1532144}, {"checksum": "e4020331bd940b0e4582fd2201d27e4e", "dataset_access": "open", "filename": "Preexisting_SAFE_river_files.zip", "most_recent": true, "zenodo_record_id": 3492064, "publication_date": "2019-10-16 13:15:05", "zenodo_concept_id": 630161, "dataset_embargo": null, "dataset_title": "Alternative stream network  data for the SAFE Project", "filesize": 3683061}, {"checksum": "47224d253b42788d6b12cc34b77a08eb", "dataset_access": "embargo", "filename": "template_Heon.xlsx", "most_recent": false, "zenodo_record_id": 1198569, "publication_date": "2018-03-14 15:02:25", "zenodo_concept_id": 1198568, "dataset_embargo": "2018-12-01", "dataset_title": "Do logging roads impede small mammal movement in Borneo's tropical rainforests?", "filesize": 366228}, {"checksum": "c005c89134d611bd3b70ec8bd69fcaee", "dataset_access": "open", "filename": "SRTM_UTM50N_contour.zip", "most_recent": true, "zenodo_record_id": 3490488, "publication_date": "2019-10-15 11:06:58", "zenodo_concept_id": 630004, "dataset_embargo": null, "dataset_title": "SRTM elevation data for the SAFE Project", "filesize": 28752395}, {"checksum": "2a482ae23539c47cbff6091b189ded9e", "dataset_access": "open", "filename": "Fractal_point_nesting.xlsx", "most_recent": true, "zenodo_record_id": 1344569, "publication_date": "2018-08-13 15:24:47", "zenodo_concept_id": 1344568, "dataset_embargo": null, "dataset_title": "Fractal sampling point nesting", "filesize": 54272}, {"checksum": "6b66597c12d63dd7bacc66ed96e08bae", "dataset_access": "open", "filename": "SAFE_Aster_metadata.xlsx", "most_recent": true, "zenodo_record_id": 3491956, "publication_date": "2019-10-16 11:27:05", "zenodo_concept_id": 630123, "dataset_embargo": null, "dataset_title": "ASTER elevation data for the SAFE Project", "filesize": 10664}, {"checksum": "95596dc7a0c6cd1fa74be8f61e9b7251", "dataset_access": "open", "filename": "template_Haughan.xlsx", "most_recent": true, "zenodo_record_id": 1198477, "publication_date": "2018-03-14 14:38:51", "zenodo_concept_id": 1198476, "dataset_embargo": null, "dataset_title": "The effect of land-use modification in Sabah, Malaysia on the morphology of two beetle families: Carabidae and Chyrsomelidae", "filesize": 104382}, {"checksum": "d8ee226dc92352a398f80ef925cf471b", "dataset_access": "open", "filename": "SAFE_Gazetteer_metadata_v2.xlsx", "most_recent": false, "zenodo_record_id": 3833856, "publication_date": "2020-05-19 10:46:18", "zenodo_concept_id": 3485120, "dataset_embargo": null, "dataset_title": "The SAFE Gazetteer", "filesize": 16532}, {"checksum": "c29bed20ff6ae260044fef8ca9775392", "dataset_access": "open", "filename": "template_ShapiroMosquitoData.xlsx", "most_recent": true, "zenodo_record_id": 1237720, "publication_date": "2018-04-30 12:16:22", "zenodo_concept_id": 1198842, "dataset_embargo": null, "dataset_title": "Investigating Temperature Tolerance in Mosquito Disease Vectors Across a Land-Use Gradient", "filesize": 409777}, {"checksum": "44fbe8eed0bc081b7c60a9f4b2f14acd", "dataset_access": "open", "filename": "template_Heon.xlsx", "most_recent": false, "zenodo_record_id": 1237721, "publication_date": "2018-04-30 12:16:35", "zenodo_concept_id": 1198568, "dataset_embargo": null, "dataset_title": "Do logging roads impede small mammal movement in Borneo's tropical rainforests?", "filesize": 364757}, {"checksum": "7789eeac6e0fc36ff589fcebe5e1c21d", "dataset_access": "embargo", "filename": "Both_tree_functional_traits.xlsx", "most_recent": true, "zenodo_record_id": 3247631, "publication_date": "2019-06-17 14:17:40", "zenodo_concept_id": 3247630, "dataset_embargo": "2020-12-31", "dataset_title": "Functional traits of tree species in old-growth and selectively logged forest", "filesize": 662602}, {"checksum": "1be5c13fbd14fdc7c787d0f6c1e072ec", "dataset_access": "open", "filename": "SAFE_Mammal_traps_metadata.xlsx", "most_recent": false, "zenodo_record_id": 3490564, "publication_date": "2019-10-15 12:02:09", "zenodo_concept_id": 630132, "dataset_embargo": null, "dataset_title": "Mammal trapping grid data for the SAFE Project", "filesize": 47513}, {"checksum": "9dfc84959d471000d1883f088e2e4522", "dataset_access": "open", "filename": "microclim-2nd.RData", "most_recent": true, "zenodo_record_id": 1441585, "publication_date": "2018-10-01 14:23:06", "zenodo_concept_id": 1441584, "dataset_embargo": null, "dataset_title": "Forest microclimate data from 2nd order sites", "filesize": 14327930}, {"checksum": "bf3175e5ee2179a46b291fca259e0b05", "dataset_access": "open", "filename": "template_HardwickTranspiration.xlsx", "most_recent": true, "zenodo_record_id": 1303014, "publication_date": "2018-07-02 10:29:38", "zenodo_concept_id": 1303013, "dataset_embargo": null, "dataset_title": "Tree transpiration rates near forest edges", "filesize": 6092135}, {"checksum": "4f7efcca74235d5908b5ee2b43ae2eda", "dataset_access": "open", "filename": "raw_egm.zip", "most_recent": true, "zenodo_record_id": 3247592, "publication_date": "2019-06-17 13:30:44", "zenodo_concept_id": 3247591, "dataset_embargo": null, "dataset_title": "Daily cycles in soil carbon flux", "filesize": 84372}, {"checksum": "e1aef9463357818c900044aa049f5151", "dataset_access": "open", "filename": "Template_cross_sections.xlsx", "most_recent": false, "zenodo_record_id": 3476358, "publication_date": "2019-10-08 12:55:39", "zenodo_concept_id": 3476357, "dataset_embargo": null, "dataset_title": "Investigating the effects of retaining riparian forest buffer zones of differing width on stream channel geomorphology", "filesize": 386113}, {"checksum": "151059c03988fbbb2ce2f3f8c82bbeef", "dataset_access": "open", "filename": "2014_F.zip", "most_recent": true, "zenodo_record_id": 3366104, "publication_date": "2019-08-21 15:29:44", "zenodo_concept_id": 3366103, "dataset_embargo": null, "dataset_title": "Bioacoustic monitoring reveals shifts in breeding songbird populations and singing behaviour with selective logging in tropical forests", "filesize": 711026264}, {"checksum": "0c5fda7d728ad8b8da008538f7214948", "dataset_access": "embargo", "filename": "ClareW_RawDataFish.xlsx", "most_recent": true, "zenodo_record_id": 1478526, "publication_date": "2018-11-06 10:20:13", "zenodo_concept_id": 1478525, "dataset_embargo": "2019-01-01", "dataset_title": "All Fish catch data at the SAFE project 2011-2017.", "filesize": 1417628}, {"checksum": "68eb8728cd2a9781828246453b13c422", "dataset_access": "embargo", "filename": "Ant_Bait_Removal_SAFE_database.xlsx", "most_recent": false, "zenodo_record_id": 3247485, "publication_date": "2019-06-17 11:39:56", "zenodo_concept_id": 3247484, "dataset_embargo": "2020-03-06", "dataset_title": "How does forest conversion and fragmentation affect ant communities and the ecosystem processes that they mediate?", "filesize": 1515484}, {"checksum": "843eedddfe8c52932b92d42b370ca41e", "dataset_access": "open", "filename": "template_Hardwick2ndOrder.xlsx", "most_recent": true, "zenodo_record_id": 1441585, "publication_date": "2018-10-01 14:23:06", "zenodo_concept_id": 1441584, "dataset_embargo": null, "dataset_title": "Forest microclimate data from 2nd order sites", "filesize": 15048}, {"checksum": "59d3da83b20d01aa24e123ad9b9c4b6c", "dataset_access": "open", "filename": "template_Soiltemp.xlsx", "most_recent": true, "zenodo_record_id": 1228190, "publication_date": "2018-04-24 14:19:36", "zenodo_concept_id": 1228189, "dataset_embargo": null, "dataset_title": "Forest soil temperature data", "filesize": 14944108}, {"checksum": "8734199962ef18224b53b1209e613071", "dataset_access": "open", "filename": "location_aliases.csv", "most_recent": true, "zenodo_record_id": 3906082, "publication_date": "2020-06-24 09:39:47", "zenodo_concept_id": 3485120, "dataset_embargo": null, "dataset_title": "The SAFE Gazetteer", "filesize": 21141}, {"checksum": "e4a4db9b58b4b3254a819c105829324c", "dataset_access": "open", "filename": "gazetteer_sf.R", "most_recent": true, "zenodo_record_id": 3906082, "publication_date": "2020-06-24 09:39:47", "zenodo_concept_id": 3485120, "dataset_embargo": null, "dataset_title": "The SAFE Gazetteer", "filesize": 33086}, {"checksum": "772e2fa86e1d6845bdf57f9dea4e2aec", "dataset_access": "open", "filename": "template_Morris.xlsx", "most_recent": false, "zenodo_record_id": 1198466, "publication_date": "2018-03-14 14:33:11", "zenodo_concept_id": 1198465, "dataset_embargo": null, "dataset_title": "Whitehead's rat morphometrics", "filesize": 158883}, {"checksum": "5837a7b14cf875890b7de3e7ef0c9e09", "dataset_access": "open", "filename": "SAFE_SRTM_Stream_network_metadata.xlsx", "most_recent": true, "zenodo_record_id": 3492009, "publication_date": "2019-10-16 12:30:45", "zenodo_concept_id": 630015, "dataset_embargo": null, "dataset_title": "Stream network  for the SAFE Project derived from SRTM data", "filesize": 47891}, {"checksum": "49ec94420f987b9fa95d52b386721fce", "dataset_access": "open", "filename": "SAFE_SRTM_metadata.xlsx", "most_recent": true, "zenodo_record_id": 3490488, "publication_date": "2019-10-15 11:06:58", "zenodo_concept_id": 630004, "dataset_embargo": null, "dataset_title": "SRTM elevation data for the SAFE Project", "filesize": 10629}, {"checksum": "08e1ec2bb44eb62abb8acd189e6ffa44", "dataset_access": "open", "filename": "SRTM_UTM50N_aspect.tif", "most_recent": true, "zenodo_record_id": 3490488, "publication_date": "2019-10-15 11:06:58", "zenodo_concept_id": 630004, "dataset_embargo": null, "dataset_title": "SRTM elevation data for the SAFE Project", "filesize": 207475930}, {"checksum": "b55bc06ec0ff33550f917c212a76aa99", "dataset_access": "open", "filename": "Template_hydro.xlsx", "most_recent": true, "zenodo_record_id": 3479171, "publication_date": "2019-10-10 10:09:15", "zenodo_concept_id": 3479170, "dataset_embargo": null, "dataset_title": "Water discharge rates at SAFE Project experimental streams", "filesize": 10636455}, {"checksum": "9db50509238d2b16032cedc1c6b76258", "dataset_access": "embargo", "filename": "Jotan_wood_anatomical_traits.xlsx", "most_recent": true, "zenodo_record_id": 3402752, "publication_date": "2019-09-09 08:57:42", "zenodo_concept_id": 3402751, "dataset_embargo": "2020-12-31", "dataset_title": "Anatomical wood traits of two tree species in old-growth and selectively logged forest", "filesize": 28798}, {"checksum": "54cbe116d175662670accd8e07e75793", "dataset_access": "embargo", "filename": "1_HJ_river_water_riparian.xlsx", "most_recent": false, "zenodo_record_id": 3251887, "publication_date": "2019-06-21 13:33:10", "zenodo_concept_id": 3251886, "dataset_embargo": "2020-06-30", "dataset_title": "Soil greenhouse gas fluxes along transects from oil palm to riparian forests in the SAFE lanscape", "filesize": 33912}, {"checksum": "1d144869286f1318199425aa33af65f8", "dataset_access": "open", "filename": "2013_F.zip", "most_recent": true, "zenodo_record_id": 3366104, "publication_date": "2019-08-21 15:29:44", "zenodo_concept_id": 3366103, "dataset_embargo": null, "dataset_title": "Bioacoustic monitoring reveals shifts in breeding songbird populations and singing behaviour with selective logging in tropical forests", "filesize": 814690329}, {"checksum": "0f2e286a836cde82d34aaed0719fea1a", "dataset_access": "open", "filename": "template_Faruk.xlsx", "most_recent": true, "zenodo_record_id": 1303010, "publication_date": "2018-07-02 10:28:56", "zenodo_concept_id": 1303009, "dataset_embargo": null, "dataset_title": "Leaf litter amphibian communities", "filesize": 27754}, {"checksum": "ac974d4d206adeb5ff5b507499ca879a", "dataset_access": "embargo", "filename": "M_Vollans_Larval_Habitats_19v2.xlsx", "most_recent": true, "zenodo_record_id": 3929764, "publication_date": "2020-07-03 18:41:24", "zenodo_concept_id": 3908146, "dataset_embargo": "2021-07-15", "dataset_title": "Investigating the impact of human settlements upon the availability of larval habitats and Aedes albopictus population ", "filesize": 52224}, {"checksum": "d9291430cb0e8ba31577d3d6ab37d71d", "dataset_access": "open", "filename": "Gazetteer_sf.R", "most_recent": false, "zenodo_record_id": 3833856, "publication_date": "2020-05-19 10:46:18", "zenodo_concept_id": 3485120, "dataset_embargo": null, "dataset_title": "The SAFE Gazetteer", "filesize": 30967}, {"checksum": "aa42d4b333616d1e206b9c85dc209b57", "dataset_access": "open", "filename": "template_Gutierrez_TerrestrialRodentMovementRiparian.xlsx", "most_recent": true, "zenodo_record_id": 1237739, "publication_date": "2018-04-30 12:19:47", "zenodo_concept_id": 1198596, "dataset_embargo": null, "dataset_title": "Data for the project investigating movement of terrestrial rodents in riparian reserves", "filesize": 515072}, {"checksum": "a3306a4d54a2e9ed7852c670571bbf97", "dataset_access": "open", "filename": "SRTM_UTM50N_TRI_Wilson2007.tif", "most_recent": true, "zenodo_record_id": 3697796, "publication_date": "2020-03-05 10:57:27", "zenodo_concept_id": 630063, "dataset_embargo": null, "dataset_title": "SAFE topographic roughness", "filesize": 69262456}, {"checksum": "8956b2deccae439be1e0b4f9ac4e1e75", "dataset_access": "embargo", "filename": "Belian_data_for_SAFE_upload_LQ_01_Aug_2018.xlsx", "most_recent": false, "zenodo_record_id": 1400565, "publication_date": "2018-08-20 13:25:28", "zenodo_concept_id": 1216039, "dataset_embargo": "2019-01-01", "dataset_title": "Spatial aggregation and seedling survival of the Borneo Ironwood (Eusideroxylon zwageri)", "filesize": 42683}, {"checksum": "f82d5b852b0cdc187a6115e891dc3dd5", "dataset_access": "embargo", "filename": "Larval_Adult_ID.zip", "most_recent": false, "zenodo_record_id": 3908147, "publication_date": "2020-06-25 12:41:13", "zenodo_concept_id": 3908146, "dataset_embargo": "2021-07-15", "dataset_title": "Investigating the impact of human settlements upon the availability of larval habitats and Aedes albopictus population ", "filesize": 737287558}, {"checksum": "39a7a2d7aa3b2f0334f7a63f317f4cbd", "dataset_access": "open", "filename": "SAFE_database_dung_beetle_2011_data_final_uploaded_copy.xlsx", "most_recent": true, "zenodo_record_id": 3247492, "publication_date": "2019-06-17 11:47:27", "zenodo_concept_id": 3247491, "dataset_embargo": null, "dataset_title": "Dung beetle community and dung removal data 2011", "filesize": 76734}, {"checksum": "195719077e4d6122664ca2dc4f43ce89", "dataset_access": "embargo", "filename": "tough.zip", "most_recent": true, "zenodo_record_id": 3780391, "publication_date": "2020-06-22 14:05:07", "zenodo_concept_id": 3780390, "dataset_embargo": "2020-12-31", "dataset_title": "Technical method comparison of leaf area assessments from leaves scanned with a flatbed scanner.", "filesize": 3297088996}, {"checksum": "85b9e0122b7f232e856ad6286fbb0715", "dataset_access": "open", "filename": "SAFE_shore_and_country_borders.zip", "most_recent": true, "zenodo_record_id": 3492126, "publication_date": "2019-10-16 14:08:03", "zenodo_concept_id": 630241, "dataset_embargo": null, "dataset_title": "Country borders and shorelines around the SAFE Project", "filesize": 3980619}, {"checksum": "22a4bd54c0f937110b54e331226a83a8", "dataset_access": "embargo", "filename": "Otter_Data_Annabel_Pianzin.xlsx", "most_recent": true, "zenodo_record_id": 3897377, "publication_date": "2020-06-16 17:03:17", "zenodo_concept_id": 3897376, "dataset_embargo": "2021-05-03", "dataset_title": "Investigating the Distribution and Occupancy of Otter Species across Human-modified Landscapes in Sabah, Malaysia.", "filesize": 27156}, {"checksum": "11ed5e92d5b5fea2907aa8aa1ceb31c8", "dataset_access": "open", "filename": "FCO_BetaregRad_withMsavi.zip", "most_recent": true, "zenodo_record_id": 3698297, "publication_date": "2020-03-05 21:42:56", "zenodo_concept_id": 654585, "dataset_embargo": null, "dataset_title": "Modelled vegetation structure", "filesize": 71983855}, {"checksum": "08011d859df4f4ab6b4de3766062c809", "dataset_access": "open", "filename": "template_Symes.xlsx", "most_recent": true, "zenodo_record_id": 3266827, "publication_date": "2019-07-03 08:39:42", "zenodo_concept_id": 3266826, "dataset_embargo": null, "dataset_title": "Quantifying the spatial heterogeneity of forest conversion costs and how it relates to biodiversity, conservation and land use history", "filesize": 28601}, {"checksum": "1c283b6797bd30967f8a478211659241", "dataset_access": "embargo", "filename": "SAFE_LOMBOK_Rivers_Dung_Beetle_Dung_Removal_2015.xlsx", "most_recent": true, "zenodo_record_id": 3906118, "publication_date": "2020-06-24 09:55:55", "zenodo_concept_id": 3906117, "dataset_embargo": "2022-01-05", "dataset_title": "Dung beetle community and dung removal data 2015", "filesize": 70046}, {"checksum": "3ab76f0f28aa411bdcbcfac47d4920eb", "dataset_access": "embargo", "filename": "3_GHG_jdrewer.xlsx", "most_recent": true, "zenodo_record_id": 3258117, "publication_date": "2019-06-27 10:05:00", "zenodo_concept_id": 3251899, "dataset_embargo": "2020-06-30", "dataset_title": "Soil greenhouse gas fluxes and associated parameters from forest and oil palm in the SAFE landscape", "filesize": 92821}, {"checksum": "b32da345d3e67e35cc86392ba7506936", "dataset_access": "open", "filename": "Small_Mammal_Edge_data.xlsx", "most_recent": true, "zenodo_record_id": 2579792, "publication_date": "2019-02-28 10:57:25", "zenodo_concept_id": 2579791, "dataset_embargo": null, "dataset_title": "Small mammals at forest-oil palm edges raw datasets", "filesize": 62459}, {"checksum": "f569d368f6681aceb3aca3c35c31ba5e", "dataset_access": "open", "filename": "Pillay_et_al_Songbirds_Acoustic_Counts_Vegetation_Cover.xlsx", "most_recent": true, "zenodo_record_id": 3366104, "publication_date": "2019-08-21 15:29:44", "zenodo_concept_id": 3366103, "dataset_embargo": null, "dataset_title": "Bioacoustic monitoring reveals shifts in breeding songbird populations and singing behaviour with selective logging in tropical forests", "filesize": 610828}, {"checksum": "698437b87c6b8578f94d80a50d991d41", "dataset_access": "open", "filename": "template_Plowman.xlsx", "most_recent": true, "zenodo_record_id": 1220270, "publication_date": "2018-04-18 14:24:13", "zenodo_concept_id": 1220269, "dataset_embargo": null, "dataset_title": "The impact of invertebrates and fungi on litter decomposition rate in modified forests", "filesize": 42257}, {"checksum": "5f40715a76df327eadc9a43b565bab83", "dataset_access": "open", "filename": "Termite_monitoring_maliau.xlsx", "most_recent": true, "zenodo_record_id": 3265746, "publication_date": "2019-07-02 08:24:14", "zenodo_concept_id": 3265745, "dataset_embargo": null, "dataset_title": "Termite abundance and ecosystem processes in Maliau Basin, 2015-2016", "filesize": 284225}, {"checksum": "6353d1636ba8bd0d5483f03e828bc429", "dataset_access": "open", "filename": "Evyen_Mosquito_data.xlsx", "most_recent": true, "zenodo_record_id": 3475408, "publication_date": "2019-10-07 15:11:05", "zenodo_concept_id": 3475407, "dataset_embargo": null, "dataset_title": "The effects of progressive land use changes on the distribution, abundance and behavior of vector mosquitoes in Sabah, Malaysia", "filesize": 29516}, {"checksum": "7dd336af168a33aa4cc4d135371c8465", "dataset_access": "open", "filename": "SAFE_data_archive_Bat_Riparian_Acoustic_Struebig_Mullin_Yoh_final.xlsx", "most_recent": true, "zenodo_record_id": 3901505, "publication_date": "2020-06-19 15:24:36", "zenodo_concept_id": 3901504, "dataset_embargo": null, "dataset_title": "Bat activity in riparian reserves in forest and oil palm plantations", "filesize": 645582}, {"checksum": "7b0479e818ef3e2d5afcb75c6973f060", "dataset_access": "open", "filename": "Gazetteer_alias.csv", "most_recent": false, "zenodo_record_id": 3485121, "publication_date": "2019-10-14 15:03:34", "zenodo_concept_id": 3485120, "dataset_embargo": null, "dataset_title": "The SAFE Gazetteer", "filesize": 1226006}, {"checksum": "7d4e41d903c182f41a07e92186a2dab9", "dataset_access": "open", "filename": "SAFE_MammalTraps_UTM50N_WGS84.zip", "most_recent": true, "zenodo_record_id": 3490613, "publication_date": "2019-10-15 12:42:20", "zenodo_concept_id": 630132, "dataset_embargo": null, "dataset_title": "Mammal trapping grid data for the SAFE Project", "filesize": 70718}, {"checksum": "c853b814f7435eb91ff87cefd39bf4ee", "dataset_access": "open", "filename": "template_Deadwood2011.xlsx", "most_recent": false, "zenodo_record_id": 1198577, "publication_date": "2018-03-14 15:09:38", "zenodo_concept_id": 1198576, "dataset_embargo": null, "dataset_title": "Deadwood stocks and dynamics", "filesize": 437335}, {"checksum": "6b829fab3850a7725a30dd0a288acf33", "dataset_access": "open", "filename": "templateBoyleMSc.xlsx", "most_recent": true, "zenodo_record_id": 1237726, "publication_date": "2018-04-30 12:17:24", "zenodo_concept_id": 1198580, "dataset_embargo": null, "dataset_title": "Quantifying Predation Pressure Along a Gradient of Land Use Intensity", "filesize": 94651}, {"checksum": "c2232cdb19a77d46c535c96821623992", "dataset_access": "embargo", "filename": "Peel_data_2018.xlsx", "most_recent": true, "zenodo_record_id": 1327557, "publication_date": "2018-08-03 14:26:58", "zenodo_concept_id": 1327556, "dataset_embargo": "2019-02-28", "dataset_title": "Interspecific alterations in avian physiology across a gradient of fragmentation", "filesize": 316841}, {"checksum": "48da0f5b620bcec5414294656e8bf12f", "dataset_access": "open", "filename": "SAFE_SRTM_hydrology_metadata.xlsx", "most_recent": true, "zenodo_record_id": 3490687, "publication_date": "2019-10-15 13:45:18", "zenodo_concept_id": 630259, "dataset_embargo": null, "dataset_title": "SRTM derived hydrological data for the SAFE Project", "filesize": 10462}, {"checksum": "0098e6a63e3e82d2743e412bb8ac77c4", "dataset_access": "open", "filename": "template_Pfeifer_DeadwoodWoodDensity.xlsx", "most_recent": true, "zenodo_record_id": 1237722, "publication_date": "2018-04-30 12:16:48", "zenodo_concept_id": 1198560, "dataset_embargo": null, "dataset_title": "Deadwood carbon stocks under logging and fragmentation impacts", "filesize": 69685}, {"checksum": "587c6b4f7d20b6a6969b21dc5f807319", "dataset_access": "open", "filename": "Invert_Movement_Dataset_JW.xlsx", "most_recent": true, "zenodo_record_id": 1487595, "publication_date": "2018-11-14 11:58:06", "zenodo_concept_id": 1487594, "dataset_embargo": null, "dataset_title": "Movement patterns of invertebrates in tropical rainforest", "filesize": 42930}, {"checksum": "6780d713cd316397eb2efb739510d1cd", "dataset_access": "embargo", "filename": "Sarab_point_count_data_SAFE_formatted_march_2020.xlsx", "most_recent": true, "zenodo_record_id": 3742834, "publication_date": "2020-04-07 10:07:52", "zenodo_concept_id": 3265711, "dataset_embargo": "2021-06-01", "dataset_title": "Avifaunal and Herpetofaunal point counts with recorded acoustic data", "filesize": 1142738}, {"checksum": "3707d960072b5769cda797a8fb2b296b", "dataset_access": "open", "filename": "FCO_BetaregRad_noMsavi.zip", "most_recent": true, "zenodo_record_id": 3698297, "publication_date": "2020-03-05 21:42:56", "zenodo_concept_id": 654585, "dataset_embargo": null, "dataset_title": "Modelled vegetation structure", "filesize": 71698057}, {"checksum": "9414a62672944d907d216d764f5268fc", "dataset_access": "open", "filename": "template-AltitudinalMicroclimate.xlsx", "most_recent": false, "zenodo_record_id": 1237657, "publication_date": "2018-04-30 10:33:25", "zenodo_concept_id": 1216002, "dataset_embargo": null, "dataset_title": "Altitudinal gradient of microclimate", "filesize": 5114358}, {"checksum": "1edfe833b134331dd5384f0d7b627400", "dataset_access": "embargo", "filename": "M_Vollans_Larval_Habitats_19.xlsx", "most_recent": false, "zenodo_record_id": 3908147, "publication_date": "2020-06-25 12:41:13", "zenodo_concept_id": 3908146, "dataset_embargo": "2021-07-15", "dataset_title": "Investigating the impact of human settlements upon the availability of larval habitats and Aedes albopictus population ", "filesize": 51927}, {"checksum": "16cf7a941f2e18fd52ac65d642c2ba09", "dataset_access": "open", "filename": "template-Microclimate10sec.xlsx", "most_recent": true, "zenodo_record_id": 1216044, "publication_date": "2018-04-10 13:59:41", "zenodo_concept_id": 1216043, "dataset_embargo": null, "dataset_title": "High temporal resolution microclimate records", "filesize": 9839779}, {"checksum": "b3f189c42dc5308f726ca99364766d85", "dataset_access": "embargo", "filename": "2_GHG_jdrewer_lab_exp_SAFE_soil_ET_V3_090120.xlsx", "most_recent": false, "zenodo_record_id": 3614876, "publication_date": "2020-01-21 10:01:33", "zenodo_concept_id": 3251901, "dataset_embargo": "2020-06-30", "dataset_title": "Linking potential greenhouse gas and nitric oxide fluxes to soil microbial communities in incubation experiments with soil from the SAFE landscape", "filesize": 57944}, {"checksum": "539a4a00906906a3a6d8da8e8e3cdc24", "dataset_access": "open", "filename": "2013_OG2.zip", "most_recent": true, "zenodo_record_id": 3366104, "publication_date": "2019-08-21 15:29:44", "zenodo_concept_id": 3366103, "dataset_embargo": null, "dataset_title": "Bioacoustic monitoring reveals shifts in breeding songbird populations and singing behaviour with selective logging in tropical forests", "filesize": 605849503}, {"checksum": "105bde68824202e422a16f645e275adb", "dataset_access": "open", "filename": "Ant_Monitoring.xlsx", "most_recent": true, "zenodo_record_id": 3265748, "publication_date": "2019-07-02 08:24:25", "zenodo_concept_id": 3265747, "dataset_embargo": null, "dataset_title": "Invertebrate activity data from an experiment in Malaysian Borneo, 2014-16 [HMTF]", "filesize": 519202}, {"checksum": "81934d0bd9e3704aa03aa26001205458", "dataset_access": "embargo", "filename": "Both_CWM_traits.xlsx", "most_recent": true, "zenodo_record_id": 3247602, "publication_date": "2019-06-17 13:37:17", "zenodo_concept_id": 3247601, "dataset_embargo": "2020-12-31", "dataset_title": "Community-weighted mean traits in old-growth and selectively logged forest", "filesize": 21313}, {"checksum": "df873ec072b69a0d709610746223d213", "dataset_access": "open", "filename": "template-AltitudinalMicroclimate.xlsx", "most_recent": true, "zenodo_record_id": 1304118, "publication_date": "2018-07-03 13:00:48", "zenodo_concept_id": 1216002, "dataset_embargo": null, "dataset_title": "Altitudinal gradient of microclimate", "filesize": 5126835}, {"checksum": "45758414960d74f09bc4f03fa82f08a6", "dataset_access": "embargo", "filename": "template_DavisonBeardedPigs.xlsx", "most_recent": false, "zenodo_record_id": 1198693, "publication_date": "2018-03-14 17:09:16", "zenodo_concept_id": 1198692, "dataset_embargo": "2019-09-22", "dataset_title": "Long term bearded pig camera trap data across the SAFE landscape.  NB: These data are a subset of the full SAFE Project core mammal trapping data, but include additional details about bearded pig social structure and abundances", "filesize": 280099}, {"checksum": "be0fcfd61de70ba74e4effbb508da5b2", "dataset_access": "open", "filename": "templateLaneShaw.xlsx", "most_recent": true, "zenodo_record_id": 1237732, "publication_date": "2018-04-30 12:18:04", "zenodo_concept_id": 1198471, "dataset_embargo": null, "dataset_title": "Microclimate change, forest disturbance and twig-dwelling ants", "filesize": 957021}]}