{"funders": null, "longitudinal_extent": [116.96695, 117.79814], "embargo_date": null, "description": "This data set includes taxanomic and abunance data for Pselaphinae beetles and ants collected in the leaf litter across Primary and logged forests sites. Selected environemntal variables (soil temperature, soil moisture and canopy cover) were also recorded at each sample site. ", "latitudinal_extent": [4.69223, 4.97022], "title": "Myrmecophilous Pselaphine beetles in tropical forests", "permits": null, "temporal_extent": ["2012-09-01 00:00:00", "2012-10-31 00:00:00"], "filename": "Psomas_Ant_Pselaphine_SAFE_dataset.xlsx", "access": "open", "external_files": null, "dataworksheets": [{"taxa_fields": [], "max_row": 30, "name": "EnvironVariables", "max_col": 5, "title": "EnvironVariables", "descriptors": ["field_type", "description", "levels", "units", "taxon_name", "taxon_field", "interaction_field", "interaction_name", "method", "field_name"], "external": null, "fields": [{"field_type": "Location", "interaction_name": null, "description": "Site of measurements", "interaction_field": null, "method": "NA", "units": null, "levels": null, "taxon_field": null, "taxon_name": null, "field_name": "Site", "col_idx": 1}, {"field_type": "Numeric", "interaction_name": null, "description": "Soil temperature", "interaction_field": null, "method": "bi-metal soil thermometer", "units": "\u00b0C", "range": [22.8, 25.23333333], "levels": null, "taxon_field": null, "taxon_name": null, "field_name": "Temp", "col_idx": 2}, {"field_type": "Numeric", "interaction_name": null, "description": "Soil moisture", "interaction_field": null, "method": "SM200 probe and HH2 meter", "units": "NA", "range": [14.46, 40.73333333], "levels": null, "taxon_field": null, "taxon_name": null, "field_name": "Moisture", "col_idx": 3}, {"field_type": "Numeric", "interaction_name": null, "description": "Canopy cover", "interaction_field": null, "method": "Spherical densiometer", "units": "%", "range": [15.0, 100.0], "levels": null, "taxon_field": null, "taxon_name": null, "field_name": "Cover", "col_idx": 4}], "field_name_row": 10, "n_data_row": 20, "description": "Environmental variables"}, {"taxa_fields": [], "max_row": 30, "name": "Ant-Psel", "max_col": 4, "title": "Ant-Psel", "descriptors": ["field_type", "description", "levels", "units", "taxon_name", "taxon_field", "interaction_field", "interaction_name", "method", "field_name"], "external": null, "fields": [{"field_type": "Location", "interaction_name": "Na", "description": "Site where sample was collected", "interaction_field": "NA", "method": null, "units": null, "levels": null, "taxon_field": "NA", "taxon_name": null, "field_name": "Site", "col_idx": 1}, {"field_type": "Numeric", "interaction_name": null, "description": "Number of ant species in sample", "interaction_field": null, "method": "Winkler bag", "units": "#", "range": [21.0, 34.0], "levels": null, "taxon_field": null, "taxon_name": null, "field_name": "ant species richness", "col_idx": 2}, {"field_type": "Abundance", "interaction_name": null, "description": "Total number of ants in sample", "interaction_field": null, "method": "Winkler bag", "units": "#", "range": [272.0, 1889.0], "levels": null, "taxon_field": null, "taxon_name": "Ants", "field_name": "ant abundance", "col_idx": 3}], "field_name_row": 10, "n_data_row": 20, "description": "Ant-Pselaphine data"}, {"taxa_fields": [], "max_row": 30, "name": "MorphAbundance", "max_col": 44, "title": "MorphAbundance", "descriptors": ["field_type", "description", "levels", "units", "taxon_name", "taxon_field", "interaction_field", "interaction_name", "method", "field_name"], "external": null, "fields": [{"field_type": "Location", "interaction_name": null, "description": "Site where specimens were collected", "interaction_field": null, "method": "NA", "units": null, "levels": null, "taxon_field": null, "taxon_name": null, "field_name": "Site", "col_idx": 1}, {"field_type": "Abundance", "interaction_name": null, "description": "Number of individuals collected", "interaction_field": null, "method": "NA", "units": "#", "range": [0.0, 2.0], "levels": null, "taxon_field": null, "taxon_name": "Psel1", "field_name": "Psel1", "col_idx": 2}, {"field_type": "Abundance", "interaction_name": null, "description": "Number of individuals collected", "interaction_field": null, "method": "NA", "units": "#", "range": [0.0, 19.0], "levels": null, "taxon_field": null, "taxon_name": "Psel2", "field_name": "Psel2", "col_idx": 3}, {"field_type": "Abundance", "interaction_name": null, "description": "Number of individuals collected", "interaction_field": null, "method": "NA", "units": "#", "range": [0.0, 1.0], "levels": null, "taxon_field": null, "taxon_name": "Psel3", "field_name": "Psel3", "col_idx": 4}, {"field_type": "Abundance", "interaction_name": null, "description": "Number of individuals collected", "interaction_field": null, "method": "NA", "units": "#", "range": [0.0, 10.0], "levels": null, "taxon_field": null, "taxon_name": "Psel4", "field_name": "Psel4", "col_idx": 5}, {"field_type": "Abundance", "interaction_name": null, "description": "Number of individuals collected", "interaction_field": null, "method": "NA", "units": "#", "range": [0.0, 17.0], "levels": null, "taxon_field": null, "taxon_name": "Psel5", "field_name": "Psel5", "col_idx": 6}, {"field_type": "Abundance", "interaction_name": null, "description": "Number of individuals collected", "interaction_field": null, "method": "NA", "units": "#", "range": [0.0, 2.0], "levels": null, "taxon_field": null, "taxon_name": "Psel6", "field_name": "Psel6", "col_idx": 7}, {"field_type": "Abundance", "interaction_name": null, "description": "Number of individuals collected", "interaction_field": null, "method": "NA", "units": "#", "range": [0.0, 3.0], "levels": null, "taxon_field": null, "taxon_name": "Psel7", "field_name": "Psel7", "col_idx": 8}, {"field_type": "Abundance", "interaction_name": null, "description": "Number of individuals collected", "interaction_field": null, "method": "NA", "units": "#", "range": [0.0, 6.0], "levels": null, "taxon_field": null, "taxon_name": "Psel8", "field_name": "Psel8", "col_idx": 9}, {"field_type": "Abundance", "interaction_name": null, "description": "Number of individuals collected", "interaction_field": null, "method": "NA", "units": "#", "range": [0.0, 4.0], "levels": null, "taxon_field": null, "taxon_name": "Psel9", "field_name": "Psel9", "col_idx": 10}, {"field_type": "Abundance", "interaction_name": null, "description": "Number of individuals collected", "interaction_field": null, "method": "NA", "units": "#", "range": [0.0, 4.0], "levels": null, "taxon_field": null, "taxon_name": "Psel10", "field_name": "Psel10", "col_idx": 11}, {"field_type": "Abundance", "interaction_name": null, "description": "Number of individuals collected", "interaction_field": null, "method": "NA", "units": "#", "range": [0.0, 13.0], "levels": null, "taxon_field": null, "taxon_name": "Psel11", "field_name": "Psel11", "col_idx": 12}, {"field_type": "Abundance", "interaction_name": null, "description": "Number of individuals collected", "interaction_field": null, "method": "NA", "units": "#", "range": [0.0, 1.0], "levels": null, "taxon_field": null, "taxon_name": "Psel12", "field_name": "Psel12", "col_idx": 13}, {"field_type": "Abundance", "interaction_name": null, "description": "Number of individuals collected", "interaction_field": null, "method": "NA", "units": "#", "range": [0.0, 1.0], "levels": null, "taxon_field": null, "taxon_name": "Psel13", "field_name": "Psel13", "col_idx": 14}, {"field_type": "Abundance", "interaction_name": null, "description": "Number of individuals collected", "interaction_field": null, "method": "NA", "units": "#", "range": [0.0, 1.0], "levels": null, "taxon_field": null, "taxon_name": "Psel14", "field_name": "Psel14", "col_idx": 15}, {"field_type": "Abundance", "interaction_name": null, "description": "Number of individuals collected", "interaction_field": null, "method": "NA", "units": "#", "range": [0.0, 23.0], "levels": null, "taxon_field": null, "taxon_name": "Psel15", "field_name": "Psel15", "col_idx": 16}, {"field_type": "Abundance", "interaction_name": null, "description": "Number of individuals collected", "interaction_field": null, "method": "NA", "units": "#", "range": [0.0, 1.0], "levels": null, "taxon_field": null, "taxon_name": "Psel16", "field_name": "Psel16", "col_idx": 17}, {"field_type": "Abundance", "interaction_name": null, "description": "Number of individuals collected", "interaction_field": null, "method": "NA", "units": "#", "range": [0.0, 3.0], "levels": null, "taxon_field": null, "taxon_name": "Psel17", "field_name": "Psel17", "col_idx": 18}, {"field_type": "Abundance", "interaction_name": null, "description": "Number of individuals collected", "interaction_field": null, "method": "NA", "units": "#", "range": [0.0, 5.0], "levels": null, "taxon_field": null, "taxon_name": "Psel18", "field_name": "Psel18", "col_idx": 19}, {"field_type": "Abundance", "interaction_name": null, "description": "Number of individuals collected", "interaction_field": null, "method": "NA", "units": "#", "range": [0.0, 3.0], "levels": null, "taxon_field": null, "taxon_name": "Psel19", "field_name": "Psel19", "col_idx": 20}, {"field_type": "Abundance", "interaction_name": null, "description": "Number of individuals collected", "interaction_field": null, "method": "NA", "units": "#", "range": [0.0, 1.0], "levels": null, "taxon_field": null, "taxon_name": "Psel20", "field_name": "Psel20", "col_idx": 21}, {"field_type": "Abundance", "interaction_name": null, "description": "Number of individuals collected", "interaction_field": null, "method": "NA", "units": "#", "range": [0.0, 1.0], "levels": null, "taxon_field": null, "taxon_name": "Psel21", "field_name": "Psel21", "col_idx": 22}, {"field_type": "Abundance", "interaction_name": null, "description": "Number of individuals collected", "interaction_field": null, "method": "NA", "units": "#", "range": [0.0, 4.0], "levels": null, "taxon_field": null, "taxon_name": "Psel22", "field_name": "Psel22", "col_idx": 23}, {"field_type": "Abundance", "interaction_name": null, "description": "Number of individuals collected", "interaction_field": null, "method": "NA", "units": "#", "range": [0.0, 1.0], "levels": null, "taxon_field": null, "taxon_name": "Psel23", "field_name": "Psel23", "col_idx": 24}, {"field_type": "Abundance", "interaction_name": null, "description": "Number of individuals collected", "interaction_field": null, "method": "NA", "units": "#", "range": [0.0, 1.0], "levels": null, "taxon_field": null, "taxon_name": "Psel24", "field_name": "Psel24", "col_idx": 25}, {"field_type": "Abundance", "interaction_name": null, "description": "Number of individuals collected", "interaction_field": null, "method": "NA", "units": "#", "range": [0.0, 1.0], "levels": null, "taxon_field": null, "taxon_name": "Psel25", "field_name": "Psel25", "col_idx": 26}, {"field_type": "Abundance", "interaction_name": null, "description": "Number of individuals collected", "interaction_field": null, "method": "NA", "units": "#", "range": [0.0, 1.0], "levels": null, "taxon_field": null, "taxon_name": "Psel26", "field_name": "Psel26", "col_idx": 27}, {"field_type": "Abundance", "interaction_name": null, "description": "Number of individuals collected", "interaction_field": null, "method": "NA", "units": "#", "range": [0.0, 2.0], "levels": null, "taxon_field": null, "taxon_name": "Psel27", "field_name": "Psel27", "col_idx": 28}, {"field_type": "Abundance", "interaction_name": null, "description": "Number of individuals collected", "interaction_field": null, "method": "NA", "units": "#", "range": [0.0, 2.0], "levels": null, "taxon_field": null, "taxon_name": "Psel28", "field_name": "Psel28", "col_idx": 29}, {"field_type": "Abundance", "interaction_name": null, "description": "Number of individuals collected", "interaction_field": null, "method": "NA", "units": "#", "range": [0.0, 1.0], "levels": null, "taxon_field": null, "taxon_name": "Psel29", "field_name": "Psel29", "col_idx": 30}, {"field_type": "Abundance", "interaction_name": null, "description": "Number of individuals collected", "interaction_field": null, "method": "NA", "units": "#", "range": [0.0, 5.0], "levels": null, "taxon_field": null, "taxon_name": "Psel30", "field_name": "Psel30", "col_idx": 31}, {"field_type": "Abundance", "interaction_name": null, "description": "Number of individuals collected", "interaction_field": null, "method": "NA", "units": "#", "range": [0.0, 5.0], "levels": null, "taxon_field": null, "taxon_name": "Psel31", "field_name": "Psel31", "col_idx": 32}, {"field_type": "Abundance", "interaction_name": null, "description": "Number of individuals collected", "interaction_field": null, "method": "NA", "units": "#", "range": [0.0, 2.0], "levels": null, "taxon_field": null, "taxon_name": "Psel32", "field_name": "Psel32", "col_idx": 33}, {"field_type": "Abundance", "interaction_name": null, "description": "Number of individuals collected", "interaction_field": null, "method": "NA", "units": "#", "range": [0.0, 1.0], "levels": null, "taxon_field": null, "taxon_name": "Psel33", "field_name": "Psel33", "col_idx": 34}, {"field_type": "Abundance", "interaction_name": null, "description": "Number of individuals collected", "interaction_field": null, "method": "NA", "units": "#", "range": [0.0, 1.0], "levels": null, "taxon_field": null, "taxon_name": "Psel34", "field_name": "Psel34", "col_idx": 35}, {"field_type": "Abundance", "interaction_name": null, "description": "Number of individuals collected", "interaction_field": null, "method": "NA", "units": "#", "range": [0.0, 2.0], "levels": null, "taxon_field": null, "taxon_name": "Psel35", "field_name": "Psel35", "col_idx": 36}, {"field_type": "Abundance", "interaction_name": null, "description": "Number of individuals collected", "interaction_field": null, "method": "NA", "units": "#", "range": [0.0, 2.0], "levels": null, "taxon_field": null, "taxon_name": "Psel36", "field_name": "Psel36", "col_idx": 37}, {"field_type": "Abundance", "interaction_name": null, "description": "Number of individuals collected", "interaction_field": null, "method": "NA", "units": "#", "range": [0.0, 2.0], "levels": null, "taxon_field": null, "taxon_name": "Psel37", "field_name": "Psel37", "col_idx": 38}, {"field_type": "Abundance", "interaction_name": null, "description": "Number of individuals collected", "interaction_field": null, "method": "NA", "units": "#", "range": [0.0, 1.0], "levels": null, "taxon_field": null, "taxon_name": "Psel38", "field_name": "Psel38", "col_idx": 39}, {"field_type": "Abundance", "interaction_name": null, "description": "Number of individuals collected", "interaction_field": null, "method": "NA", "units": "#", "range": [0.0, 2.0], "levels": null, "taxon_field": null, "taxon_name": "Psel39", "field_name": "Psel39", "col_idx": 40}, {"field_type": "Abundance", "interaction_name": null, "description": "Number of individuals collected", "interaction_field": null, "method": "NA", "units": "#", "range": [0.0, 1.0], "levels": null, "taxon_field": null, "taxon_name": "Psel40", "field_name": "Psel40", "col_idx": 41}, {"field_type": "Abundance", "interaction_name": null, "description": "Number of individuals collected", "interaction_field": null, "method": "NA", "units": "#", "range": [0.0, 9.0], "levels": null, "taxon_field": null, "taxon_name": "Psel41", "field_name": "Psel41", "col_idx": 42}, {"field_type": "Abundance", "interaction_name": null, "description": "Number of individuals collected", "interaction_field": null, "method": "NA", "units": "#", "range": [0.0, 2.0], "levels": null, "taxon_field": null, "taxon_name": "Psel42", "field_name": "Psel42", "col_idx": 43}], "field_name_row": 10, "n_data_row": 20, "description": "Morphospeices abundance"}, {"taxa_fields": ["Morphospecies"], "max_row": 52, "name": "MorphFunctTraits", "max_col": 18, "title": "MorphFunctTraits", "descriptors": ["field_type", "description", "levels", "units", "taxon_name", "taxon_field", "interaction_field", "interaction_name", "method", "field_name"], "external": null, "fields": [{"field_type": "Taxa", "interaction_name": null, "description": "Morphospecies identity", "interaction_field": null, "method": null, "units": null, "levels": null, "taxon_field": null, "taxon_name": null, "field_name": "Morphospecies", "col_idx": 1}, {"field_type": "Numeric Trait", "interaction_name": null, "description": "Antennae length", "interaction_field": null, "method": "compound microsopes, at x25 magnification, using an ocular micrometer with a sale interval of 0.1 mm ", "units": "mm", "range": [0.195, 1.95], "levels": null, "taxon_field": "Morphospecies", "taxon_name": null, "field_name": "AL", "col_idx": 2}, {"field_type": "Numeric Trait", "interaction_name": null, "description": "Termianl antennomere length", "interaction_field": null, "method": "compound microsopes, at x25 magnification, using an ocular micrometer with a sale interval of 0.1 mm ", "units": "mm", "range": [0.039, 0.546], "levels": null, "taxon_field": "Morphospecies", "taxon_name": null, "field_name": "TAL", "col_idx": 3}, {"field_type": "Numeric Trait", "interaction_name": null, "description": "Termianl antennomere width", "interaction_field": null, "method": "compound microsopes, at x25 magnification, using an ocular micrometer with a sale interval of 0.1 mm ", "units": "mm", "range": [0.039, 1.156], "levels": null, "taxon_field": "Morphospecies", "taxon_name": null, "field_name": "TAW", "col_idx": 4}, {"field_type": "Numeric Trait", "interaction_name": null, "description": "Antennomere number", "interaction_field": null, "method": "compound microsopes, at x25 magnification, using an ocular micrometer with a sale interval of 0.1 mm ", "units": "#", "range": [3.0, 11.0], "levels": null, "taxon_field": "Morphospecies", "taxon_name": null, "field_name": "AN", "col_idx": 5}, {"field_type": "Categorical Trait", "interaction_name": null, "description": "Hollow cavity absent in terminal antennomere", "interaction_field": null, "method": "compound microsopes, at x25 magnification, using an ocular micrometer with a sale interval of 0.1 mm ", "units": null, "levels": "absent;present", "taxon_field": "Morphospecies", "taxon_name": null, "field_name": "HCA", "col_idx": 6}, {"field_type": "Categorical Trait", "interaction_name": null, "description": "Hollow cavity present in terminal antennomere", "interaction_field": null, "method": "compound microsopes, at x25 magnification, using an ocular micrometer with a sale interval of 0.1 mm ", "units": null, "levels": "absent;present", "taxon_field": "Morphospecies", "taxon_name": null, "field_name": "HCP", "col_idx": 7}, {"field_type": "Categorical Trait", "interaction_name": null, "description": "Trichomes absent", "interaction_field": null, "method": "compound microsopes, at x25 magnification, using an ocular micrometer with a sale interval of 0.1 mm ", "units": null, "levels": "absent;present", "taxon_field": "Morphospecies", "taxon_name": null, "field_name": "TA", "col_idx": 8}, {"field_type": "Categorical Trait", "interaction_name": null, "description": "Trichomes present", "interaction_field": null, "method": "compound microsopes, at x25 magnification, using an ocular micrometer with a sale interval of 0.1 mm ", "units": null, "levels": "absent;present", "taxon_field": "Morphospecies", "taxon_name": null, "field_name": "TP", "col_idx": 9}, {"field_type": "Categorical Trait", "interaction_name": null, "description": "Foveae present", "interaction_field": null, "method": "compound microsopes, at x25 magnification, using an ocular micrometer with a sale interval of 0.1 mm ", "units": null, "levels": "absent;present", "taxon_field": "Morphospecies", "taxon_name": null, "field_name": "FP", "col_idx": 10}, {"field_type": "Categorical Trait", "interaction_name": null, "description": "Foveae absent", "interaction_field": null, "method": "compound microsopes, at x25 magnification, using an ocular micrometer with a sale interval of 0.1 mm ", "units": null, "levels": "absent;present", "taxon_field": "Morphospecies", "taxon_name": null, "field_name": "FA", "col_idx": 11}, {"field_type": "Categorical Trait", "interaction_name": null, "description": "Basal elytral foveae, two set", "interaction_field": null, "method": "compound microsopes, at x25 magnification, using an ocular micrometer with a sale interval of 0.1 mm ", "units": null, "levels": "absent;present", "taxon_field": "Morphospecies", "taxon_name": null, "field_name": "Bef2", "col_idx": 12}, {"field_type": "Categorical Trait", "interaction_name": null, "description": "Basal elytral fovea, thee set", "interaction_field": null, "method": "compound microsopes, at x25 magnification, using an ocular micrometer with a sale interval of 0.1 mm ", "units": null, "levels": "absent;present", "taxon_field": "Morphospecies", "taxon_name": null, "field_name": "Bef3", "col_idx": 13}, {"field_type": "Categorical Trait", "interaction_name": null, "description": "Basal elytral foveae, one set", "interaction_field": null, "method": "compound microsopes, at x25 magnification, using an ocular micrometer with a sale interval of 0.1 mm ", "units": null, "levels": "absent;present", "taxon_field": "Morphospecies", "taxon_name": null, "field_name": "Bef1", "col_idx": 14}, {"field_type": "Categorical Trait", "interaction_name": null, "description": "Basal elytral foveae, no set", "interaction_field": null, "method": "compound microsopes, at x25 magnification, using an ocular micrometer with a sale interval of 0.1 mm ", "units": null, "levels": "absent;present", "taxon_field": "Morphospecies", "taxon_name": null, "field_name": "Bef0", "col_idx": 15}, {"field_type": "Categorical Trait", "interaction_name": null, "description": "Basal elyral fovea, four set ", "interaction_field": null, "method": "compound microsopes, at x25 magnification, using an ocular micrometer with a sale interval of 0.1 mm ", "units": null, "levels": "absent;present", "taxon_field": "Morphospecies", "taxon_name": null, "field_name": "Bef4", "col_idx": 16}, {"field_type": "Categorical Trait", "interaction_name": null, "description": "Myrmecophily status", "interaction_field": null, "method": "Literature review", "units": null, "levels": "Non-myrmecophile;Possible;Facultative;Obligate", "taxon_field": "Morphospecies", "taxon_name": null, "field_name": "Myrmycophile", "col_idx": 17}], "field_name_row": 10, "n_data_row": 42, "description": "Morphospecies_Functional Traits"}], "authors": [{"orcid": "0000-0002-2961-0609", "affiliation": "Imperial College London/Natural History Museum london", "name": "Psomas, Elizabeth ", "email": "liz_psomas_@hotmail.com"}], "keywords": ["Ecosystem functioning", "Functional traits", "Myrmecophily", "Pselaphinae"], "project_id": 46, "publication_date": "2018-08-20 13:25:11", "zenodo_concept_id": 1400561, "zenodo_record_id": 1400562, "taxa": [{"id": 25243, "dataset_id": 141, "worksheet_name": "Psel1", "gbif_id": -1, "gbif_parent_id": 4308831, "taxon_name": "Psel1", "taxon_rank": "morphospecies", "gbif_status": "user"}, {"id": 25244, "dataset_id": 141, "worksheet_name": "Psel10", "gbif_id": -1, "gbif_parent_id": 4308831, "taxon_name": "Psel10", "taxon_rank": "morphospecies", "gbif_status": "user"}, {"id": 25245, "dataset_id": 141, "worksheet_name": "Psel11", "gbif_id": -1, "gbif_parent_id": 4718812, "taxon_name": "Psel11", "taxon_rank": "morphospecies", "gbif_status": "user"}, {"id": 25246, "dataset_id": 141, "worksheet_name": "Psel12", "gbif_id": -1, "gbif_parent_id": 4406707, "taxon_name": "Psel12", "taxon_rank": "morphospecies", "gbif_status": "user"}, {"id": 25247, "dataset_id": 141, "worksheet_name": "Psel13", "gbif_id": -1, "gbif_parent_id": 4721193, "taxon_name": "Psel13", "taxon_rank": "morphospecies", "gbif_status": "user"}, {"id": 25248, "dataset_id": 141, "worksheet_name": "Psel14", "gbif_id": -1, "gbif_parent_id": 4714625, "taxon_name": "Psel14", "taxon_rank": "morphospecies", "gbif_status": "user"}, {"id": 25249, "dataset_id": 141, "worksheet_name": "Psel15", "gbif_id": -1, "gbif_parent_id": 4308831, "taxon_name": "Psel15", "taxon_rank": "morphospecies", "gbif_status": "user"}, {"id": 25250, "dataset_id": 141, "worksheet_name": "Psel16", "gbif_id": -1, "gbif_parent_id": 4716022, "taxon_name": "Psel16", "taxon_rank": "morphospecies", "gbif_status": "user"}, {"id": 25251, "dataset_id": 141, "worksheet_name": "Psel17", "gbif_id": -1, "gbif_parent_id": 4308831, "taxon_name": "Psel17", "taxon_rank": "morphospecies", "gbif_status": "user"}, {"id": 25252, "dataset_id": 141, "worksheet_name": "Psel18", "gbif_id": -1, "gbif_parent_id": 4718812, "taxon_name": "Psel18", "taxon_rank": "morphospecies", "gbif_status": "user"}, {"id": 25253, "dataset_id": 141, "worksheet_name": "Psel19", "gbif_id": -1, "gbif_parent_id": 4716022, "taxon_name": "Psel19", "taxon_rank": "morphospecies", "gbif_status": "user"}, {"id": 25254, "dataset_id": 141, "worksheet_name": "Psel2", "gbif_id": -1, "gbif_parent_id": 1041730, "taxon_name": "Psel2", "taxon_rank": "morphospecies", "gbif_status": "user"}, {"id": 25255, "dataset_id": 141, "worksheet_name": "Psel20", "gbif_id": -1, "gbif_parent_id": 4761831, "taxon_name": "Psel20", "taxon_rank": "morphospecies", "gbif_status": "user"}, {"id": 25256, "dataset_id": 141, "worksheet_name": "Psel21", "gbif_id": -1, "gbif_parent_id": 4747847, "taxon_name": "Psel21", "taxon_rank": "morphospecies", "gbif_status": "user"}, {"id": 25257, "dataset_id": 141, "worksheet_name": "Psel22", "gbif_id": -1, "gbif_parent_id": 4761831, "taxon_name": "Psel22", "taxon_rank": "morphospecies", "gbif_status": "user"}, {"id": 25258, "dataset_id": 141, "worksheet_name": "Psel23", "gbif_id": -1, "gbif_parent_id": 4736599, "taxon_name": "Psel23", "taxon_rank": "morphospecies", "gbif_status": "user"}, {"id": 25259, "dataset_id": 141, "worksheet_name": "Psel24", "gbif_id": -1, "gbif_parent_id": 4715494, "taxon_name": "Psel24", "taxon_rank": "morphospecies", "gbif_status": "user"}, {"id": 25260, "dataset_id": 141, "worksheet_name": "Psel25", "gbif_id": -1, "gbif_parent_id": 4747847, "taxon_name": "Psel25", "taxon_rank": "morphospecies", "gbif_status": "user"}, {"id": 25261, "dataset_id": 141, "worksheet_name": "Psel26", "gbif_id": -1, "gbif_parent_id": 4715822, "taxon_name": "Psel26", "taxon_rank": "morphospecies", "gbif_status": "user"}, {"id": 25262, "dataset_id": 141, "worksheet_name": "Psel27", "gbif_id": -1, "gbif_parent_id": 4714748, "taxon_name": "Psel27", "taxon_rank": "morphospecies", "gbif_status": "user"}, {"id": 25263, "dataset_id": 141, "worksheet_name": "Psel28", "gbif_id": -1, "gbif_parent_id": 4308831, "taxon_name": "Psel28", "taxon_rank": "morphospecies", "gbif_status": "user"}, {"id": 25264, "dataset_id": 141, "worksheet_name": "Psel29", "gbif_id": -1, "gbif_parent_id": 4308831, "taxon_name": "Psel29", "taxon_rank": "morphospecies", "gbif_status": "user"}, {"id": 25265, "dataset_id": 141, "worksheet_name": "Psel3", "gbif_id": -1, "gbif_parent_id": 4761831, "taxon_name": "Psel3", "taxon_rank": "morphospecies", "gbif_status": "user"}, {"id": 25266, "dataset_id": 141, "worksheet_name": "Psel30", "gbif_id": -1, "gbif_parent_id": 4308831, "taxon_name": "Psel30", "taxon_rank": "morphospecies", "gbif_status": "user"}, {"id": 25267, "dataset_id": 141, "worksheet_name": "Psel31", "gbif_id": -1, "gbif_parent_id": 4441483, "taxon_name": "Psel31", "taxon_rank": "morphospecies", "gbif_status": "user"}, {"id": 25268, "dataset_id": 141, "worksheet_name": "Psel32", "gbif_id": -1, "gbif_parent_id": 4716022, "taxon_name": "Psel32", "taxon_rank": "morphospecies", "gbif_status": "user"}, {"id": 25269, "dataset_id": 141, "worksheet_name": "Psel33", "gbif_id": -1, "gbif_parent_id": 4308831, "taxon_name": "Psel33", "taxon_rank": "morphospecies", "gbif_status": "user"}, {"id": 25270, "dataset_id": 141, "worksheet_name": "Psel34", "gbif_id": -1, "gbif_parent_id": 4714625, "taxon_name": "Psel34", "taxon_rank": "morphospecies", "gbif_status": "user"}, {"id": 25271, "dataset_id": 141, "worksheet_name": "Psel35", "gbif_id": -1, "gbif_parent_id": 4308831, "taxon_name": "Psel35", "taxon_rank": "morphospecies", "gbif_status": "user"}, {"id": 25272, "dataset_id": 141, "worksheet_name": "Psel36", "gbif_id": -1, "gbif_parent_id": 4572991, "taxon_name": "Psel36", "taxon_rank": "morphospecies", "gbif_status": "user"}, {"id": 25273, "dataset_id": 141, "worksheet_name": "Psel37", "gbif_id": -1, "gbif_parent_id": 4721193, "taxon_name": "Psel37", "taxon_rank": "morphospecies", "gbif_status": "user"}, {"id": 25274, "dataset_id": 141, "worksheet_name": "Psel38", "gbif_id": -1, "gbif_parent_id": 4406707, "taxon_name": "Psel38", "taxon_rank": "morphospecies", "gbif_status": "user"}, {"id": 25275, "dataset_id": 141, "worksheet_name": "Psel39", "gbif_id": -1, "gbif_parent_id": 4441483, "taxon_name": "Psel39", "taxon_rank": "morphospecies", "gbif_status": "user"}, {"id": 25276, "dataset_id": 141, "worksheet_name": "Psel4", "gbif_id": -1, "gbif_parent_id": 3262308, "taxon_name": "Psel4", "taxon_rank": "morphospecies", "gbif_status": "user"}, {"id": 25277, "dataset_id": 141, "worksheet_name": "Psel40", "gbif_id": -1, "gbif_parent_id": 4714625, "taxon_name": "Psel40", "taxon_rank": "morphospecies", "gbif_status": "user"}, {"id": 25278, "dataset_id": 141, "worksheet_name": "Psel41", "gbif_id": -1, "gbif_parent_id": 4308831, "taxon_name": "Psel41", "taxon_rank": "morphospecies", "gbif_status": "user"}, {"id": 25279, "dataset_id": 141, "worksheet_name": "Psel42", "gbif_id": -1, "gbif_parent_id": 4741782, "taxon_name": "Psel42", "taxon_rank": "morphospecies", "gbif_status": "user"}, {"id": 25280, "dataset_id": 141, "worksheet_name": "Psel5", "gbif_id": -1, "gbif_parent_id": 4744876, "taxon_name": "Psel5", "taxon_rank": "morphospecies", "gbif_status": "user"}, {"id": 25281, "dataset_id": 141, "worksheet_name": "Psel6", "gbif_id": -1, "gbif_parent_id": 4761831, "taxon_name": "Psel6", "taxon_rank": "morphospecies", "gbif_status": "user"}, {"id": 25282, "dataset_id": 141, "worksheet_name": "Psel7", "gbif_id": -1, "gbif_parent_id": 4714625, "taxon_name": "Psel7", "taxon_rank": "morphospecies", "gbif_status": "user"}, {"id": 25283, "dataset_id": 141, "worksheet_name": "Psel8", "gbif_id": -1, "gbif_parent_id": 4761831, "taxon_name": "Psel8", "taxon_rank": "morphospecies", "gbif_status": "user"}, {"id": 25284, "dataset_id": 141, "worksheet_name": "Psel9", "gbif_id": -1, "gbif_parent_id": 4308831, "taxon_name": "Psel9", "taxon_rank": "morphospecies", "gbif_status": "user"}, {"id": 25285, "dataset_id": 141, "worksheet_name": "Ants", "gbif_id": 4342, "gbif_parent_id": 1457, "taxon_name": "Formicidae", "taxon_rank": "family", "gbif_status": "accepted"}, {"id": 25286, "dataset_id": 141, "worksheet_name": null, "gbif_id": 4761831, "gbif_parent_id": 7854, "taxon_name": "Plagiophorus", "taxon_rank": "genus", "gbif_status": "accepted"}, {"id": 25287, "dataset_id": 141, "worksheet_name": null, "gbif_id": 4747847, "gbif_parent_id": 7854, "taxon_name": "Pselaphodes", "taxon_rank": "genus", "gbif_status": "accepted"}, {"id": 25288, "dataset_id": 141, "worksheet_name": null, "gbif_id": 4736599, "gbif_parent_id": 7854, "taxon_name": "Pseudacerus", "taxon_rank": "genus", "gbif_status": "accepted"}, {"id": 25289, "dataset_id": 141, "worksheet_name": null, "gbif_id": 4308831, "gbif_parent_id": 1470, "taxon_name": "Pselaphidae", "taxon_rank": "family", "gbif_status": "accepted"}, {"id": 25290, "dataset_id": 141, "worksheet_name": null, "gbif_id": 4406707, "gbif_parent_id": 7854, "taxon_name": "Aphilia", "taxon_rank": "genus", "gbif_status": "accepted"}, {"id": 25291, "dataset_id": 141, "worksheet_name": null, "gbif_id": 4715494, "gbif_parent_id": 7854, "taxon_name": "Sathytes", "taxon_rank": "genus", "gbif_status": "accepted"}, {"id": 25292, "dataset_id": 141, "worksheet_name": null, "gbif_id": 4741782, "gbif_parent_id": 7854, "taxon_name": "Diaugis", "taxon_rank": "genus", "gbif_status": "accepted"}, {"id": 25293, "dataset_id": 141, "worksheet_name": null, "gbif_id": 4716022, "gbif_parent_id": 7854, "taxon_name": "Cratna", "taxon_rank": "genus", "gbif_status": "accepted"}, {"id": 25294, "dataset_id": 141, "worksheet_name": null, "gbif_id": 4744876, "gbif_parent_id": 7854, "taxon_name": "Pseudophanias", "taxon_rank": "genus", "gbif_status": "accepted"}, {"id": 25295, "dataset_id": 141, "worksheet_name": null, "gbif_id": 4721193, "gbif_parent_id": 7854, "taxon_name": "Apharinodes", "taxon_rank": "genus", "gbif_status": "accepted"}, {"id": 25296, "dataset_id": 141, "worksheet_name": null, "gbif_id": 1041730, "gbif_parent_id": 7854, "taxon_name": "Bibloporus", "taxon_rank": "genus", "gbif_status": "accepted"}, {"id": 25297, "dataset_id": 141, "worksheet_name": null, "gbif_id": 4714625, "gbif_parent_id": 7854, "taxon_name": "Mechanicus", "taxon_rank": "genus", "gbif_status": "doubtful"}, {"id": 25298, "dataset_id": 141, "worksheet_name": null, "gbif_id": 4572991, "gbif_parent_id": 7854, "taxon_name": "Enantius", "taxon_rank": "genus", "gbif_status": "doubtful"}, {"id": 25299, "dataset_id": 141, "worksheet_name": null, "gbif_id": 4718812, "gbif_parent_id": 7854, "taxon_name": "Mnia", "taxon_rank": "genus", "gbif_status": "doubtful"}, {"id": 25300, "dataset_id": 141, "worksheet_name": null, "gbif_id": 4441483, "gbif_parent_id": 7854, "taxon_name": "Batraxis", "taxon_rank": "genus", "gbif_status": "accepted"}, {"id": 25301, "dataset_id": 141, "worksheet_name": null, "gbif_id": 4714748, "gbif_parent_id": 7854, "taxon_name": "Cerylambus", "taxon_rank": "genus", "gbif_status": "doubtful"}, {"id": 25302, "dataset_id": 141, "worksheet_name": null, "gbif_id": 4715822, "gbif_parent_id": 7854, "taxon_name": "Curculionellus", "taxon_rank": "genus", "gbif_status": "accepted"}, {"id": 25303, "dataset_id": 141, "worksheet_name": null, "gbif_id": 3262308, "gbif_parent_id": 7854, "taxon_name": "Harmophorus", "taxon_rank": "genus", "gbif_status": "accepted"}, {"id": 25304, "dataset_id": 141, "worksheet_name": null, "gbif_id": 1, "gbif_parent_id": null, "taxon_name": "Animalia", "taxon_rank": "kingdom", "gbif_status": "accepted"}, {"id": 25305, "dataset_id": 141, "worksheet_name": null, "gbif_id": 54, "gbif_parent_id": 1, "taxon_name": "Arthropoda", "taxon_rank": "phylum", "gbif_status": "accepted"}, {"id": 25306, "dataset_id": 141, "worksheet_name": null, "gbif_id": 1457, "gbif_parent_id": 216, "taxon_name": "Hymenoptera", "taxon_rank": "order", "gbif_status": "accepted"}, {"id": 25307, "dataset_id": 141, "worksheet_name": null, "gbif_id": 1470, "gbif_parent_id": 216, "taxon_name": "Coleoptera", "taxon_rank": "order", "gbif_status": "accepted"}, {"id": 25308, "dataset_id": 141, "worksheet_name": null, "gbif_id": 216, "gbif_parent_id": 54, "taxon_name": "Insecta", "taxon_rank": "class", "gbif_status": "accepted"}, {"id": 25309, "dataset_id": 141, "worksheet_name": null, "gbif_id": 7854, "gbif_parent_id": 1470, "taxon_name": "Staphylinidae", "taxon_rank": "family", "gbif_status": "accepted"}], "locations": [{"name": "Maliau_1", "new_location": true, "wkt_wgs84": "POINT(116.97075 4.74462)"}, {"name": "Maliau_2", "new_location": true, "wkt_wgs84": "POINT(116.97477 4.74548)"}, {"name": "Maliau_3", "new_location": true, "wkt_wgs84": "POINT(116.96752 4.74757)"}, {"name": "Maliau_4", "new_location": true, "wkt_wgs84": "POINT(116.9714 4.74565)"}, {"name": "Maliau_5", "new_location": true, "wkt_wgs84": "POINT(116.97807 4.74501)"}, {"name": "Maliau_6", "new_location": true, "wkt_wgs84": "POINT(116.96695 4.75054)"}, {"name": "Maliau_7", "new_location": true, "wkt_wgs84": "POINT(116.97308 4.74864)"}, {"name": "Maliau_8", "new_location": true, "wkt_wgs84": "POINT(116.97009 4.74607)"}, {"name": "Danum_1", "new_location": true, "wkt_wgs84": "POINT(117.79605 4.96444)"}, {"name": "Danum_2", "new_location": true, "wkt_wgs84": "POINT(117.79321 4.96486)"}, {"name": "Danum_3", "new_location": true, "wkt_wgs84": "POINT(117.78869 4.96603)"}, {"name": "Danum_4", "new_location": true, "wkt_wgs84": "POINT(117.79755 4.97022)"}, {"name": "Danum_5", "new_location": true, "wkt_wgs84": "POINT(117.79807 4.96625)"}, {"name": "Danum_6", "new_location": true, "wkt_wgs84": "POINT(117.79814 4.96512)"}, {"name": "SAFE_E", "new_location": true, "wkt_wgs84": "POINT(117.57849 4.69223)"}, {"name": "SAFE_D", "new_location": true, "wkt_wgs84": "POINT(117.58387 4.70618)"}, {"name": "SAFE_F", "new_location": true, "wkt_wgs84": "POINT(117.53549 4.69872)"}, {"name": "SAFE_C", "new_location": true, "wkt_wgs84": "POINT(117.62274 4.70994)"}, {"name": "SAFE_B", "new_location": true, "wkt_wgs84": "POINT(117.61447 4.72757)"}, {"name": "SAFE_A", "new_location": true, "wkt_wgs84": "POINT(117.64716 4.7043)"}]}